rounds,walkers,tourney,date,DOW
60.0,14.0,0.0,2011-11-01,1
75.0,20.0,0.0,2011-11-02,2
14.0,0.0,0.0,2011-11-03,3
98.0,4.0,0.0,2011-11-04,4
102.0,15.0,0.0,2011-11-05,5
36.0,4.0,0.0,2011-11-06,6
0.0,0.0,0.0,2011-11-07,0
72.0,1.0,0.0,2011-11-08,1
82.0,10.0,0.0,2011-11-09,2
74.0,0.0,0.0,2011-11-10,3
82.0,7.0,24.0,2011-11-11,4
55.0,17.0,0.0,2011-11-12,5
90.0,16.0,0.0,2011-11-13,6
0.0,0.0,0.0,2011-11-14,0
59.0,3.0,0.0,2011-11-15,1
82.0,13.0,0.0,2011-11-16,2
37.0,1.0,3.0,2011-11-17,3
30.0,8.0,0.0,2011-11-18,4
41.0,21.0,0.0,2011-11-19,5
26.0,7.0,0.0,2011-11-20,6
0.0,0.0,0.0,2011-11-21,0
80.0,23.0,0.0,2011-11-22,1
124.0,10.0,2.0,2011-11-23,2
16.0,2.0,0.0,2011-11-24,3
114.0,19.0,0.0,2011-11-25,4
105.0,22.0,1.0,2011-11-26,5
96.0,34.0,0.0,2011-11-27,6
0.0,0.0,0.0,2011-11-28,0
48.0,20.0,0.0,2011-11-29,1
56.0,19.0,2.0,2011-11-30,2
16.0,0.0,0.0,2011-12-01,3
82.0,28.0,0.0,2011-12-02,4
50.0,11.0,1.0,2011-12-03,5
76.0,11.0,2.0,2011-12-04,6
0.0,0.0,0.0,2011-12-05,0
31.0,11.0,0.0,2011-12-06,1
64.0,15.0,0.0,2011-12-07,2
28.0,7.0,0.0,2011-12-08,3
68.0,25.0,0.0,2011-12-09,4
65.0,14.0,0.0,2011-12-10,5
51.0,16.0,0.0,2011-12-11,6
0.0,0.0,0.0,2011-12-12,0
42.0,1.0,0.0,2011-12-13,1
58.0,11.0,2.0,2011-12-14,2
28.0,1.0,0.0,2011-12-15,3
67.0,10.0,0.0,2011-12-16,4
84.0,16.0,3.0,2011-12-17,5
66.0,16.0,0.0,2011-12-18,6
0.0,0.0,0.0,2011-12-19,0
59.0,2.0,2.0,2011-12-20,1
69.0,28.0,0.0,2011-12-21,2
60.0,7.0,0.0,2011-12-22,3
123.0,20.0,0.0,2011-12-23,4
38.0,9.0,0.0,2011-12-24,5
0.0,0.0,0.0,2011-12-25,6
0.0,0.0,0.0,2011-12-26,0
83.0,17.0,1.0,2011-12-27,1
98.0,27.0,0.0,2011-12-28,2
98.0,14.0,4.0,2011-12-29,3
115.0,21.0,0.0,2011-12-30,4
82.0,11.0,1.0,2011-12-31,5
70.0,17.0,0.0,2012-01-01,6
52.0,14.0,0.0,2012-01-02,0
38.0,7.0,0.0,2012-01-03,1
75.0,13.0,0.0,2012-01-04,2
46.0,12.0,4.0,2012-01-05,3
103.0,47.0,1.0,2012-01-06,4
91.0,24.0,0.0,2012-01-07,5
98.0,32.0,0.0,2012-01-08,6
0.0,0.0,0.0,2012-01-09,0
47.0,16.0,0.0,2012-01-10,1
70.0,18.0,5.0,2012-01-11,2
66.0,11.0,0.0,2012-01-12,3
94.0,28.0,2.0,2012-01-13,4
55.0,12.0,2.0,2012-01-14,5
60.0,19.0,0.0,2012-01-15,6
0.0,0.0,0.0,2012-01-16,0
37.0,6.0,0.0,2012-01-17,1
46.0,13.0,0.0,2012-01-18,2
18.0,6.0,0.0,2012-01-19,3
7.0,3.0,0.0,2012-01-20,4
30.0,18.0,0.0,2012-01-21,5
18.0,8.0,0.0,2012-01-22,6
0.0,0.0,0.0,2012-01-23,0
26.0,8.0,0.0,2012-01-24,1
55.0,15.0,0.0,2012-01-25,2
52.0,16.0,0.0,2012-01-26,3
82.0,19.0,0.0,2012-01-27,4
126.0,55.0,1.0,2012-01-28,5
135.0,37.0,0.0,2012-01-29,6
0.0,0.0,0.0,2012-01-30,0
40.0,22.0,2.0,2012-01-31,1
61.0,12.0,0.0,2012-02-01,2
71.0,5.0,5.0,2012-02-02,3
98.0,25.0,2.0,2012-02-03,4
118.0,44.0,1.0,2012-02-04,5
104.0,28.0,0.0,2012-02-05,6
0.0,0.0,0.0,2012-02-06,0
16.0,2.0,12.0,2012-02-07,1
52.0,12.0,12.0,2012-02-08,2
90.0,20.0,14.0,2012-02-09,3
92.0,21.0,2.0,2012-02-10,4
70.0,22.0,2.0,2012-02-11,5
100.0,21.0,2.0,2012-02-12,6
0.0,0.0,0.0,2012-02-13,0
69.0,10.0,20.0,2012-02-14,1
54.0,20.0,1.0,2012-02-15,2
91.0,43.0,0.0,2012-02-16,3
117.0,34.0,0.0,2012-02-17,4
90.0,28.0,2.0,2012-02-18,5
105.0,21.0,0.0,2012-02-19,6
82.0,17.0,0.0,2012-02-20,0
54.0,0.0,15.0,2012-02-21,1
99.0,18.0,12.0,2012-02-22,2
120.0,17.0,20.0,2012-02-23,3
124.0,28.0,0.0,2012-02-24,4
79.0,29.0,1.0,2012-02-25,5
123.0,37.0,0.0,2012-02-26,6
0.0,0.0,0.0,2012-02-27,0
79.0,3.0,26.0,2012-02-28,1
18.0,5.0,0.0,2012-02-29,2
25.0,1.0,24.0,2012-03-01,3
104.0,28.0,1.0,2012-03-02,4
140.0,27.0,1.0,2012-03-03,5
154.0,45.0,0.0,2012-03-04,6
0.0,0.0,0.0,2012-03-05,0
61.0,2.0,20.0,2012-03-06,1
56.0,15.0,0.0,2012-03-07,2
73.0,22.0,20.0,2012-03-08,3
122.0,32.0,0.0,2012-03-09,4
104.0,35.0,1.0,2012-03-10,5
114.0,16.0,0.0,2012-03-11,6
125.0,0.0,125.0,2012-03-12,0
-1.0,0.0,0.0,2012-03-13,1
3.0,2.0,0.0,2012-03-14,2
7.0,7.0,0.0,2012-03-15,3
4.0,3.0,0.0,2012-03-16,4
27.0,16.0,0.0,2012-03-17,5
37.0,11.0,0.0,2012-03-18,6
0.0,0.0,0.0,2012-03-19,0
30.0,2.0,0.0,2012-03-20,1
89.0,18.0,16.0,2012-03-21,2
68.0,10.0,16.0,2012-03-22,3
116.0,28.0,0.0,2012-03-23,4
30.0,18.0,0.0,2012-03-24,5
60.0,15.0,0.0,2012-03-25,6
0.0,0.0,0.0,2012-03-26,0
3.0,0.0,0.0,2012-03-27,1
29.0,12.0,0.0,2012-03-28,2
60.0,13.0,6.0,2012-03-29,3
108.0,33.0,0.0,2012-03-30,4
17.0,13.0,0.0,2012-03-31,5
129.0,40.0,0.0,2012-04-01,6
0.0,0.0,0.0,2012-04-02,0
59.0,28.0,0.0,2012-04-03,1
72.0,27.0,0.0,2012-04-04,2
95.0,16.0,12.0,2012-04-05,3
119.0,41.0,1.0,2012-04-06,4
151.0,53.0,0.0,2012-04-07,5
48.0,15.0,0.0,2012-04-08,6
0.0,0.0,0.0,2012-04-09,0
7.0,3.0,0.0,2012-04-10,1
34.0,9.0,0.0,2012-04-11,2
20.0,10.0,0.0,2012-04-12,3
31.0,7.0,0.0,2012-04-13,4
140.0,50.0,0.0,2012-04-14,5
182.0,59.0,0.0,2012-04-15,6
88.0,0.0,88.0,2012-04-16,0
67.0,23.0,0.0,2012-04-17,1
74.0,13.0,0.0,2012-04-18,2
108.0,42.0,0.0,2012-04-19,3
145.0,42.0,0.0,2012-04-20,4
171.0,19.0,116.0,2012-04-21,5
147.0,6.0,112.0,2012-04-22,6
0.0,0.0,0.0,2012-04-23,0
63.0,12.0,0.0,2012-04-24,1
53.0,7.0,0.0,2012-04-25,2
74.0,25.0,0.0,2012-04-26,3
115.0,36.0,0.0,2012-04-27,4
138.0,35.0,0.0,2012-04-28,5
164.0,58.0,0.0,2012-04-29,6
103.0,0.0,103.0,2012-04-30,0
81.0,22.0,0.0,2012-05-01,1
53.0,13.0,0.0,2012-05-02,2
70.0,17.0,2.0,2012-05-03,3
144.0,41.0,0.0,2012-05-04,4
141.0,61.0,0.0,2012-05-05,5
159.0,29.0,0.0,2012-05-06,6
132.0,0.0,0.0,2012-05-07,0
151.0,0.0,0.0,2012-05-08,1
79.0,19.0,0.0,2012-05-09,2
109.0,29.0,0.0,2012-05-10,3
116.0,30.0,0.0,2012-05-11,4
144.0,40.0,3.0,2012-05-12,5
81.0,27.0,0.0,2012-05-13,6
140.0,0.0,140.0,2012-05-14,0
100.0,29.0,0.0,2012-05-15,1
68.0,13.0,0.0,2012-05-16,2
71.0,31.0,0.0,2012-05-17,3
125.0,28.0,0.0,2012-05-18,4
143.0,65.0,0.0,2012-05-19,5
120.0,12.0,0.0,2012-05-20,6
88.0,0.0,88.0,2012-05-21,0
102.0,16.0,5.0,2012-05-22,1
101.0,25.0,0.0,2012-05-23,2
79.0,22.0,0.0,2012-05-24,3
109.0,23.0,0.0,2012-05-25,4
109.0,31.0,0.0,2012-05-26,5
132.0,24.0,0.0,2012-05-27,6
146.0,32.0,0.0,2012-05-28,0
0.0,0.0,0.0,2012-05-29,1
91.0,22.0,0.0,2012-05-30,2
24.0,2.0,3.0,2012-05-31,3
106.0,36.0,0.0,2012-06-01,4
161.0,35.0,1.0,2012-06-02,5
153.0,36.0,1.0,2012-06-03,6
70.0,0.0,70.0,2012-06-04,0
103.0,30.0,3.0,2012-06-05,1
72.0,15.0,0.0,2012-06-06,2
93.0,18.0,0.0,2012-06-07,3
140.0,36.0,0.0,2012-06-08,4
119.0,3.0,0.0,2012-06-09,5
140.0,23.0,0.0,2012-06-10,6
120.0,0.0,120.0,2012-06-11,0
98.0,9.0,0.0,2012-06-12,1
82.0,17.0,4.0,2012-06-13,2
135.0,10.0,0.0,2012-06-14,3
77.0,18.0,0.0,2012-06-15,4
162.0,44.0,5.0,2012-06-16,5
134.0,19.0,1.0,2012-06-17,6
148.0,0.0,148.0,2012-06-18,0
120.0,31.0,5.0,2012-06-19,1
83.0,17.0,1.0,2012-06-20,2
114.0,9.0,0.0,2012-06-21,3
144.0,8.0,0.0,2012-06-22,4
131.0,54.0,0.0,2012-06-23,5
150.0,45.0,0.0,2012-06-24,6
104.0,0.0,104.0,2012-06-25,0
91.0,30.0,5.0,2012-06-26,1
86.0,20.0,3.0,2012-06-27,2
82.0,25.0,0.0,2012-06-28,3
138.0,35.0,4.0,2012-06-29,4
117.0,44.0,0.0,2012-06-30,5
94.0,9.0,2.0,2012-08-01,2
84.0,6.0,4.0,2012-08-02,3
126.0,28.0,2.0,2012-08-03,4
136.0,39.0,0.0,2012-08-04,5
120.0,27.0,0.0,2012-08-05,6
98.0,0.0,98.0,2012-08-06,0
76.0,20.0,2.0,2012-08-07,1
60.0,9.0,0.0,2012-08-08,2
70.0,6.0,4.0,2012-08-09,3
81.0,21.0,1.0,2012-08-10,4
90.0,26.0,0.0,2012-08-11,5
100.0,17.0,0.0,2012-08-12,6
0.0,0.0,0.0,2012-08-13,0
79.0,35.0,0.0,2012-08-14,1
131.0,11.0,0.0,2012-08-15,2
106.0,31.0,0.0,2012-08-16,3
113.0,27.0,0.0,2012-08-17,4
129.0,12.0,0.0,2012-08-18,5
128.0,9.0,0.0,2012-08-19,6
135.0,0.0,135.0,2012-08-20,0
94.0,40.0,12.0,2012-08-21,1
115.0,51.0,0.0,2012-08-22,2
110.0,17.0,2.0,2012-08-23,3
116.0,33.0,0.0,2012-08-24,4
137.0,50.0,0.0,2012-08-25,5
106.0,27.0,0.0,2012-08-26,6
0.0,0.0,0.0,2012-08-27,0
125.0,50.0,0.0,2012-08-28,1
81.0,19.0,0.0,2012-08-29,2
216.0,0.0,0.0,2012-08-30,3
216.0,0.0,0.0,2012-08-31,4
216.0,0.0,0.0,2012-09-01,5
216.0,0.0,0.0,2012-09-02,6
124.0,27.0,0.0,2012-09-03,0
0.0,0.0,0.0,2012-09-04,1
63.0,19.0,0.0,2012-09-05,2
60.0,7.0,0.0,2012-09-06,3
133.0,24.0,1.0,2012-09-07,4
91.0,25.0,0.0,2012-09-08,5
85.0,23.0,0.0,2012-09-09,6
114.0,0.0,113.0,2012-09-10,0
89.0,13.0,0.0,2012-09-11,1
78.0,20.0,0.0,2012-09-12,2
85.0,18.0,2.0,2012-09-13,3
112.0,32.0,0.0,2012-09-14,4
96.0,45.0,0.0,2012-09-15,5
99.0,20.0,0.0,2012-09-16,6
126.0,2.0,124.0,2012-09-17,0
61.0,26.0,0.0,2012-09-18,1
73.0,22.0,0.0,2012-09-19,2
64.0,1.0,0.0,2012-09-20,3
92.0,26.0,0.0,2012-09-21,4
86.0,26.0,0.0,2012-09-22,5
90.0,11.0,0.0,2012-09-23,6
108.0,0.0,108.0,2012-09-24,0
114.0,23.0,0.0,2012-09-25,1
71.0,13.0,0.0,2012-09-26,2
86.0,22.0,0.0,2012-09-27,3
114.0,29.0,0.0,2012-09-28,4
109.0,52.0,0.0,2012-09-29,5
66.0,26.0,0.0,2012-09-30,6
0.0,0.0,0.0,2012-10-01,0
73.0,42.0,0.0,2012-10-02,1
69.0,6.0,0.0,2012-10-03,2
103.0,3.0,0.0,2012-10-04,3
132.0,13.0,0.0,2012-10-05,4
92.0,20.0,0.0,2012-10-06,5
122.0,33.0,0.0,2012-10-07,6
122.0,0.0,122.0,2012-10-08,0
51.0,25.0,0.0,2012-10-09,1
49.0,4.0,0.0,2012-10-10,2
100.0,49.0,0.0,2012-10-11,3
73.0,16.0,0.0,2012-10-12,4
150.0,30.0,0.0,2012-10-13,5
115.0,18.0,0.0,2012-10-14,6
0.0,0.0,0.0,2012-10-15,0
74.0,21.0,0.0,2012-10-16,1
61.0,20.0,0.0,2012-10-17,2
73.0,21.0,0.0,2012-10-18,3
106.0,24.0,0.0,2012-10-19,4
98.0,28.0,0.0,2012-10-20,5
69.0,24.0,0.0,2012-10-21,6
0.0,0.0,0.0,2012-10-22,0
32.0,10.0,0.0,2012-10-23,1
39.0,10.0,-4.0,2012-10-24,2
57.0,5.0,0.0,2012-10-25,3
111.0,30.0,0.0,2012-10-26,4
106.0,31.0,0.0,2012-10-27,5
89.0,12.0,0.0,2012-10-28,6
0.0,0.0,0.0,2012-10-29,0
204.0,29.0,123.0,2012-10-30,1
60.0,15.0,0.0,2012-10-31,2
40.0,9.0,0.0,2012-11-01,3
120.0,22.0,0.0,2012-11-02,4
85.0,19.0,0.0,2012-11-03,5
143.0,4.0,122.0,2012-11-04,6
0.0,0.0,0.0,2012-11-05,0
100.0,38.0,0.0,2012-11-06,1
94.0,26.0,0.0,2012-11-07,2
45.0,13.0,0.0,2012-11-08,3
95.0,26.0,0.0,2012-11-09,4
65.0,15.0,0.0,2012-11-10,5
103.0,17.0,56.0,2012-11-11,6
31.0,11.0,0.0,2012-11-12,0
61.0,22.0,0.0,2012-11-13,1
65.0,20.0,0.0,2012-11-14,2
70.0,5.0,33.0,2012-11-15,3
93.0,18.0,50.0,2012-11-16,4
69.0,11.0,50.0,2012-11-17,5
65.0,18.0,0.0,2012-11-18,6
0.0,0.0,0.0,2012-11-19,0
73.0,26.0,0.0,2012-11-20,1
93.0,26.0,0.0,2012-11-21,2
42.0,18.0,0.0,2012-11-22,3
143.0,41.0,0.0,2012-11-23,4
104.0,36.0,0.0,2012-11-24,5
112.0,29.0,0.0,2012-11-25,6
0.0,0.0,0.0,2012-11-26,0
96.0,32.0,0.0,2012-11-27,1
3.0,0.0,0.0,2012-11-28,2
22.0,11.0,0.0,2012-11-29,3
6.0,2.0,0.0,2012-11-30,4
14.0,5.0,0.0,2012-12-01,5
0.0,0.0,0.0,2012-12-02,6
0.0,0.0,0.0,2012-12-03,0
34.0,16.0,0.0,2012-12-04,1
5.0,0.0,0.0,2012-12-05,2
16.0,5.0,0.0,2012-12-06,3
105.0,26.0,0.0,2012-12-07,4
89.0,30.0,0.0,2012-12-08,5
76.0,26.0,0.0,2012-12-09,6
0.0,0.0,0.0,2012-12-10,0
71.0,29.0,0.0,2012-12-11,1
29.0,6.0,0.0,2012-12-12,2
24.0,9.0,0.0,2012-12-13,3
39.0,22.0,0.0,2012-12-14,4
61.0,22.0,0.0,2012-12-15,5
42.0,24.0,0.0,2012-12-16,6
0.0,0.0,0.0,2012-12-17,0
23.0,12.0,0.0,2012-12-18,1
56.0,14.0,0.0,2012-12-19,2
33.0,11.0,0.0,2012-12-20,3
11.0,9.0,0.0,2012-12-21,4
3.0,3.0,0.0,2012-12-22,5
4.0,0.0,0.0,2012-12-23,6
42.0,17.0,0.0,2012-12-24,0
0.0,0.0,0.0,2012-12-25,1
15.0,8.0,0.0,2012-12-26,2
77.0,17.0,0.0,2012-12-27,3
63.0,23.0,0.0,2012-12-28,4
26.0,12.0,0.0,2012-12-29,5
44.0,25.0,0.0,2012-12-30,6
58.0,15.0,0.0,2012-12-31,0
43.0,7.0,0.0,2013-01-01,1
31.0,17.0,0.0,2013-01-02,2
32.0,6.0,0.0,2013-01-03,3
77.0,29.0,0.0,2013-01-04,4
82.0,26.0,0.0,2013-01-05,5
32.0,11.0,0.0,2013-01-06,6
0.0,0.0,0.0,2013-01-07,0
28.0,17.0,0.0,2013-01-08,1
45.0,18.0,0.0,2013-01-09,2
20.0,9.0,0.0,2013-01-10,3
70.0,27.0,0.0,2013-01-11,4
47.0,18.0,0.0,2013-01-12,5
37.0,12.0,0.0,2013-01-13,6
0.0,0.0,0.0,2013-01-14,0
16.0,5.0,0.0,2013-01-15,1
45.0,8.0,0.0,2013-01-16,2
48.0,11.0,0.0,2013-01-17,3
78.0,19.0,0.0,2013-01-18,4
96.0,34.0,0.0,2013-01-19,5
27.0,18.0,0.0,2013-01-20,6
49.0,19.0,0.0,2013-01-21,0
39.0,20.0,0.0,2013-01-22,1
36.0,10.0,0.0,2013-01-23,2
32.0,9.0,0.0,2013-01-24,3
75.0,25.0,0.0,2013-01-25,4
87.0,35.0,0.0,2013-01-26,5
81.0,19.0,0.0,2013-01-27,6
0.0,0.0,0.0,2013-01-28,0
38.0,17.0,0.0,2013-01-29,1
55.0,21.0,0.0,2013-01-30,2
51.0,11.0,0.0,2013-01-31,3
89.0,30.0,0.0,2013-02-01,4
105.0,34.0,0.0,2013-02-02,5
63.0,36.0,0.0,2013-02-03,6
0.0,0.0,0.0,2013-02-04,0
65.0,15.0,35.0,2013-02-05,1
42.0,19.0,0.0,2013-02-06,2
28.0,4.0,0.0,2013-02-07,3
77.0,29.0,0.0,2013-02-08,4
89.0,45.0,0.0,2013-02-09,5
80.0,39.0,0.0,2013-02-10,6
0.0,0.0,0.0,2013-02-11,0
45.0,21.0,0.0,2013-02-12,1
56.0,23.0,0.0,2013-02-13,2
45.0,8.0,28.0,2013-02-14,3
102.0,32.0,0.0,2013-02-15,4
114.0,42.0,0.0,2013-02-16,5
106.0,39.0,0.0,2013-02-17,6
103.0,37.0,0.0,2013-02-18,0
0.0,0.0,0.0,2013-02-19,1
39.0,17.0,0.0,2013-02-20,2
39.0,11.0,0.0,2013-02-21,3
97.0,27.0,0.0,2013-02-22,4
78.0,34.0,0.0,2013-02-23,5
115.0,33.0,0.0,2013-02-24,6
0.0,0.0,0.0,2013-02-25,0
54.0,30.0,0.0,2013-02-26,1
66.0,25.0,0.0,2013-02-27,2
62.0,5.0,31.0,2013-02-28,3
118.0,43.0,0.0,2013-03-01,4
102.0,52.0,0.0,2013-03-02,5
108.0,47.0,0.0,2013-03-03,6
0.0,0.0,0.0,2013-03-04,0
37.0,15.0,0.0,2013-03-05,1
28.0,15.0,0.0,2013-03-06,2
34.0,9.0,0.0,2013-03-07,3
101.0,30.0,0.0,2013-03-08,4
102.0,35.0,0.0,2013-03-09,5
141.0,60.0,0.0,2013-03-10,6
131.0,0.0,131.0,2013-03-11,0
75.0,29.0,0.0,2013-03-12,1
60.0,20.0,0.0,2013-03-13,2
113.0,7.0,84.0,2013-03-14,3
118.0,40.0,0.0,2013-03-15,4
124.0,58.0,0.0,2013-03-16,5
108.0,41.0,0.0,2013-03-17,6
0.0,0.0,0.0,2013-03-18,0
55.0,28.0,0.0,2013-03-19,1
11.0,7.0,0.0,2013-03-20,2
62.0,19.0,0.0,2013-03-21,3
104.0,36.0,0.0,2013-03-22,4
114.0,42.0,0.0,2013-03-23,5
118.0,35.0,0.0,2013-03-24,6
0.0,0.0,0.0,2013-03-25,0
70.0,35.0,0.0,2013-03-26,1
50.0,15.0,0.0,2013-03-27,2
59.0,9.0,30.0,2013-03-28,3
139.0,49.0,0.0,2013-03-29,4
124.0,33.0,0.0,2013-03-30,5
43.0,22.0,0.0,2013-03-31,6
0.0,0.0,0.0,2013-04-01,0
68.0,19.0,0.0,2013-04-02,1
103.0,29.0,0.0,2013-04-03,2
19.0,6.0,0.0,2013-04-04,3
117.0,37.0,0.0,2013-04-05,4
117.0,43.0,0.0,2013-04-06,5
142.0,41.0,0.0,2013-04-07,6
0.0,0.0,0.0,2013-04-08,0
91.0,37.0,12.0,2013-04-09,1
108.0,15.0,43.0,2013-04-10,2
118.0,23.0,62.0,2013-04-11,3
109.0,30.0,60.0,2013-04-12,4
100.0,21.0,60.0,2013-04-13,5
122.0,39.0,0.0,2013-04-14,6
90.0,0.0,90.0,2013-04-15,0
52.0,21.0,0.0,2013-04-16,1
77.0,6.0,0.0,2013-04-17,2
93.0,19.0,0.0,2013-04-18,3
117.0,43.0,0.0,2013-04-19,4
162.0,9.0,128.0,2013-04-20,5
177.0,11.0,128.0,2013-04-21,6
0.0,0.0,0.0,2013-04-22,0
78.0,28.0,0.0,2013-04-23,1
59.0,14.0,0.0,2013-04-24,2
71.0,13.0,0.0,2013-04-25,3
127.0,43.0,0.0,2013-04-26,4
161.0,35.0,80.0,2013-04-27,5
151.0,43.0,0.0,2013-04-28,6
69.0,0.0,69.0,2013-04-29,0
96.0,27.0,0.0,2013-04-30,1
79.0,9.0,0.0,2013-05-01,2
107.0,12.0,51.0,2013-05-02,3
119.0,32.0,0.0,2013-05-03,4
169.0,29.0,46.0,2013-05-04,5
125.0,44.0,0.0,2013-05-05,6
130.0,0.0,130.0,2013-05-06,0
142.0,0.0,130.0,2013-05-07,1
60.0,15.0,0.0,2013-05-08,2
77.0,22.0,0.0,2013-05-09,3
145.0,39.0,0.0,2013-05-10,4
131.0,52.0,0.0,2013-05-11,5
96.0,21.0,0.0,2013-05-12,6
154.0,0.0,154.0,2013-05-13,0
85.0,23.0,0.0,2013-05-14,1
80.0,13.0,0.0,2013-05-15,2
101.0,33.0,16.0,2013-05-16,3
161.0,29.0,0.0,2013-05-17,4
167.0,54.0,24.0,2013-05-18,5
140.0,37.0,0.0,2013-05-19,6
0.0,0.0,0.0,2013-05-20,0
96.0,21.0,0.0,2013-05-21,1
75.0,17.0,0.0,2013-05-22,2
94.0,39.0,45.0,2013-05-23,3
165.0,28.0,0.0,2013-05-24,4
124.0,25.0,0.0,2013-05-25,5
155.0,28.0,0.0,2013-05-26,6
153.0,37.0,0.0,2013-05-27,0
0.0,0.0,0.0,2013-05-28,1
109.0,21.0,0.0,2013-05-29,2
72.0,2.0,60.0,2013-05-30,3
131.0,29.0,0.0,2013-05-31,4
115.0,21.0,12.0,2013-06-01,5
152.0,34.0,0.0,2013-06-02,6
80.0,0.0,80.0,2013-06-03,0
76.0,27.0,0.0,2013-06-04,1
103.0,25.0,0.0,2013-06-05,2
104.0,25.0,0.0,2013-06-06,3
117.0,12.0,0.0,2013-06-07,4
243.0,0.0,240.0,2013-06-08,5
161.0,6.0,120.0,2013-06-09,6
124.0,0.0,124.0,2013-06-10,0
60.0,14.0,0.0,2013-06-11,1
115.0,30.0,64.0,2013-06-12,2
99.0,8.0,80.0,2013-06-13,3
141.0,10.0,80.0,2013-06-14,4
161.0,59.0,24.0,2013-06-15,5
154.0,38.0,0.0,2013-06-16,6
144.0,0.0,144.0,2013-06-17,0
122.0,9.0,107.0,2013-06-18,1
92.0,19.0,0.0,2013-06-19,2
114.0,11.0,78.0,2013-06-20,3
141.0,9.0,78.0,2013-06-21,4
138.0,27.0,39.0,2013-06-22,5
132.0,30.0,0.0,2013-06-23,6
96.0,0.0,96.0,2013-06-24,0
41.0,9.0,0.0,2013-06-25,1
101.0,25.0,0.0,2013-06-26,2
105.0,9.0,42.0,2013-06-27,3
125.0,17.0,0.0,2013-06-28,4
119.0,7.0,78.0,2013-06-29,5
55.0,3.0,0.0,2013-06-30,6
130.0,0.0,130.0,2013-07-01,0
68.0,20.0,0.0,2013-07-02,1
75.0,8.0,0.0,2013-07-03,2
100.0,13.0,0.0,2013-07-04,3
134.0,33.0,0.0,2013-07-05,4
120.0,28.0,0.0,2013-07-06,5
118.0,20.0,0.0,2013-07-07,6
152.0,0.0,152.0,2013-07-08,0
92.0,28.0,0.0,2013-07-09,1
84.0,23.0,0.0,2013-07-10,2
116.0,8.0,64.0,2013-07-11,3
126.0,37.0,0.0,2013-07-12,4
152.0,27.0,44.0,2013-07-13,5
144.0,22.0,0.0,2013-07-14,6
83.0,0.0,84.0,2013-07-15,0
97.0,21.0,0.0,2013-07-16,1
77.0,18.0,0.0,2013-07-17,2
67.0,9.0,29.0,2013-07-18,3
115.0,25.0,0.0,2013-07-19,4
112.0,28.0,0.0,2013-07-20,5
128.0,16.0,48.0,2013-07-21,6
112.0,0.0,112.0,2013-07-22,0
107.0,16.0,79.0,2013-07-23,1
92.0,11.0,0.0,2013-07-24,2
105.0,16.0,0.0,2013-07-25,3
160.0,35.0,0.0,2013-07-26,4
113.0,30.0,0.0,2013-07-27,5
128.0,16.0,0.0,2013-07-28,6
128.0,0.0,128.0,2013-07-29,0
91.0,26.0,0.0,2013-07-30,1
80.0,16.0,0.0,2013-07-31,2
77.0,9.0,34.0,2013-08-01,3
148.0,37.0,0.0,2013-08-02,4
97.0,18.0,44.0,2013-08-03,5
133.0,18.0,24.0,2013-08-04,6
0.0,0.0,0.0,2013-08-05,0
90.0,29.0,0.0,2013-08-06,1
97.0,29.0,0.0,2013-08-07,2
96.0,21.0,0.0,2013-08-08,3
135.0,43.0,0.0,2013-08-09,4
137.0,32.0,24.0,2013-08-10,5
159.0,39.0,0.0,2013-08-11,6
109.0,0.0,109.0,2013-08-12,0
137.0,34.0,0.0,2013-08-13,1
139.0,15.0,75.0,2013-08-14,2
82.0,7.0,50.0,2013-08-15,3
145.0,25.0,0.0,2013-08-16,4
139.0,71.0,36.0,2013-08-17,5
144.0,29.0,0.0,2013-08-18,6
136.0,0.0,136.0,2013-08-19,0
87.0,28.0,0.0,2013-08-20,1
76.0,19.0,0.0,2013-08-21,2
82.0,7.0,38.0,2013-08-22,3
136.0,27.0,0.0,2013-08-23,4
149.0,30.0,46.0,2013-08-24,5
170.0,31.0,0.0,2013-08-25,6
0.0,0.0,0.0,2013-08-26,0
117.0,48.0,16.0,2013-08-27,1
110.0,33.0,0.0,2013-08-28,2
214.0,0.0,214.0,2013-08-29,3
216.0,0.0,216.0,2013-08-30,4
216.0,0.0,216.0,2013-08-31,5
216.0,0.0,216.0,2013-09-01,6
145.0,29.0,0.0,2013-09-02,0
0.0,0.0,0.0,2013-09-03,1
76.0,13.0,0.0,2013-09-04,2
67.0,8.0,38.0,2013-09-05,3
135.0,22.0,0.0,2013-09-06,4
104.0,27.0,0.0,2013-09-07,5
94.0,19.0,0.0,2013-09-08,6
129.0,0.0,129.0,2013-09-09,0
123.0,12.0,90.0,2013-09-10,1
104.0,29.0,9.0,2013-09-11,2
58.0,5.0,27.0,2013-09-12,3
121.0,24.0,32.0,2013-09-13,4
116.0,36.0,0.0,2013-09-14,5
111.0,24.0,0.0,2013-09-15,6
101.0,0.0,101.0,2013-09-16,0
88.0,46.0,24.0,2013-09-17,1
80.0,8.0,0.0,2013-09-18,2
70.0,14.0,28.0,2013-09-19,3
142.0,29.0,0.0,2013-09-20,4
75.0,24.0,0.0,2013-09-21,5
104.0,25.0,0.0,2013-09-22,6
101.0,0.0,101.0,2013-09-23,0
76.0,14.0,40.0,2013-09-24,1
65.0,18.0,0.0,2013-09-25,2
81.0,18.0,0.0,2013-09-26,3
121.0,31.0,0.0,2013-09-27,4
91.0,17.0,0.0,2013-09-28,5
92.0,19.0,32.0,2013-09-29,6
108.0,0.0,108.0,2013-09-30,0
73.0,31.0,0.0,2013-10-01,1
95.0,22.0,12.0,2013-10-02,2
103.0,8.0,88.0,2013-10-03,3
50.0,14.0,0.0,2013-10-04,4
93.0,30.0,0.0,2013-10-05,5
142.0,50.0,0.0,2013-10-06,6
140.0,0.0,140.0,2013-10-07,0
85.0,34.0,0.0,2013-10-08,1
74.0,10.0,23.0,2013-10-09,2
83.0,17.0,24.0,2013-10-10,3
119.0,26.0,0.0,2013-10-11,4
119.0,22.0,48.0,2013-10-12,5
110.0,31.0,0.0,2013-10-13,6
0.0,0.0,0.0,2013-10-14,0
57.0,23.0,0.0,2013-10-15,1
58.0,14.0,0.0,2013-10-16,2
62.0,11.0,0.0,2013-10-17,3
106.0,20.0,0.0,2013-10-18,4
86.0,28.0,0.0,2013-10-19,5
96.0,19.0,0.0,2013-10-20,6
0.0,0.0,0.0,2013-10-21,0
70.0,22.0,0.0,2013-10-22,1
84.0,15.0,0.0,2013-10-23,2
74.0,15.0,0.0,2013-10-24,3
120.0,34.0,0.0,2013-10-25,4
84.0,27.0,0.0,2013-10-26,5
87.0,16.0,0.0,2013-10-27,6
89.0,0.0,89.0,2013-10-28,0
78.0,2.0,44.0,2013-10-29,1
52.0,14.0,0.0,2013-10-30,2
35.0,10.0,0.0,2013-10-31,3
109.0,27.0,0.0,2013-11-01,4
136.0,43.0,0.0,2013-11-02,5
109.0,37.0,0.0,2013-11-03,6
0.0,0.0,0.0,2013-11-04,0
67.0,32.0,0.0,2013-11-05,1
74.0,21.0,0.0,2013-11-06,2
71.0,15.0,0.0,2013-11-07,3
110.0,35.0,0.0,2013-11-08,4
102.0,20.0,0.0,2013-11-09,5
91.0,15.0,50.0,2013-11-10,6
34.0,11.0,0.0,2013-11-11,0
50.0,17.0,0.0,2013-11-12,1
55.0,12.0,0.0,2013-11-13,2
69.0,13.0,0.0,2013-11-14,3
110.0,30.0,0.0,2013-11-15,4
87.0,20.0,0.0,2013-11-16,5
98.0,20.0,28.0,2013-11-17,6
0.0,0.0,0.0,2013-11-18,0
41.0,10.0,0.0,2013-11-19,1
8.0,4.0,0.0,2013-11-20,2
47.0,1.0,23.0,2013-11-21,3
73.0,21.0,0.0,2013-11-22,4
124.0,39.0,0.0,2013-11-23,5
79.0,24.0,0.0,2013-11-24,6
0.0,0.0,0.0,2013-11-25,0
79.0,27.0,0.0,2013-11-26,1
131.0,20.0,0.0,2013-11-27,2
26.0,7.0,0.0,2013-11-28,3
101.0,31.0,0.0,2013-11-29,4
89.0,33.0,0.0,2013-11-30,5
103.0,30.0,0.0,2013-12-01,6
0.0,0.0,0.0,2013-12-02,0
36.0,14.0,0.0,2013-12-03,1
40.0,20.0,0.0,2013-12-04,2
16.0,4.0,0.0,2013-12-05,3
62.0,22.0,0.0,2013-12-06,4
42.0,21.0,0.0,2013-12-07,5
23.0,13.0,0.0,2013-12-08,6
0.0,0.0,0.0,2013-12-09,0
27.0,11.0,0.0,2013-12-10,1
46.0,17.0,0.0,2013-12-11,2
17.0,9.0,0.0,2013-12-12,3
75.0,41.0,0.0,2013-12-13,4
71.0,29.0,0.0,2013-12-14,5
64.0,28.0,0.0,2013-12-15,6
0.0,0.0,0.0,2013-12-16,0
62.0,22.0,0.0,2013-12-17,1
54.0,19.0,0.0,2013-12-18,2
16.0,9.0,0.0,2013-12-19,3
71.0,26.0,0.0,2013-12-20,4
83.0,26.0,0.0,2013-12-21,5
82.0,34.0,0.0,2013-12-22,6
19.0,12.0,0.0,2013-12-23,0
80.0,28.0,0.0,2013-12-24,1
0.0,0.0,0.0,2013-12-25,2
94.0,22.0,0.0,2013-12-26,3
92.0,50.0,0.0,2013-12-27,4
104.0,35.0,0.0,2013-12-28,5
94.0,43.0,0.0,2013-12-29,6
0.0,0.0,0.0,2013-12-30,0
105.0,48.0,0.0,2013-12-31,1
59.0,23.0,0.0,2014-01-01,2
49.0,15.0,0.0,2014-01-02,3
108.0,44.0,0.0,2014-01-03,4
110.0,42.0,0.0,2014-01-04,5
76.0,27.0,0.0,2014-01-05,6
0.0,0.0,0.0,2014-01-06,0
47.0,23.0,0.0,2014-01-07,1
49.0,21.0,0.0,2014-01-08,2
33.0,9.0,0.0,2014-01-09,3
103.0,49.0,0.0,2014-01-10,4
83.0,38.0,0.0,2014-01-11,5
42.0,13.0,0.0,2014-01-12,6
0.0,0.0,0.0,2014-01-13,0
69.0,29.0,0.0,2014-01-14,1
57.0,24.0,0.0,2014-01-15,2
43.0,14.0,0.0,2014-01-16,3
109.0,45.0,0.0,2014-01-17,4
97.0,45.0,0.0,2014-01-18,5
59.0,25.0,0.0,2014-01-19,6
70.0,34.0,0.0,2014-01-20,0
51.0,25.0,0.0,2014-01-21,1
51.0,22.0,0.0,2014-01-22,2
43.0,18.0,0.0,2014-01-23,3
102.0,54.0,0.0,2014-01-24,4
137.0,59.0,0.0,2014-01-25,5
121.0,66.0,0.0,2014-01-26,6
0.0,0.0,0.0,2014-01-27,0
69.0,36.0,0.0,2014-01-28,1
50.0,21.0,0.0,2014-01-29,2
34.0,16.0,0.0,2014-01-30,3
100.0,52.0,0.0,2014-01-31,4
102.0,42.0,0.0,2014-02-01,5
18.0,8.0,0.0,2014-02-02,6
0.0,0.0,0.0,2014-02-03,0
49.0,28.0,0.0,2014-02-04,1
36.0,11.0,0.0,2014-02-05,2
11.0,6.0,0.0,2014-02-06,3
25.0,17.0,0.0,2014-02-07,4
8.0,6.0,0.0,2014-02-08,5
3.0,2.0,0.0,2014-02-09,6
0.0,0.0,0.0,2014-02-10,0
44.0,29.0,0.0,2014-02-11,1
68.0,22.0,16.0,2014-02-12,2
61.0,10.0,36.0,2014-02-13,3
95.0,44.0,0.0,2014-02-14,4
119.0,46.0,0.0,2014-02-15,5
86.0,45.0,0.0,2014-02-16,6
115.0,53.0,0.0,2014-02-17,0
50.0,29.0,0.0,2014-02-18,1
61.0,18.0,12.0,2014-02-19,2
88.0,33.0,12.0,2014-02-20,3
116.0,49.0,0.0,2014-02-21,4
144.0,51.0,0.0,2014-02-22,5
121.0,44.0,0.0,2014-02-23,6
0.0,0.0,0.0,2014-02-24,0
92.0,39.0,12.0,2014-02-25,1
1.0,0.0,0.0,2014-02-26,2
28.0,9.0,16.0,2014-02-27,3
9.0,6.0,0.0,2014-02-28,4
35.0,15.0,0.0,2014-03-01,5
65.0,31.0,0.0,2014-03-02,6
69.0,0.0,69.0,2014-03-03,0
49.0,21.0,16.0,2014-03-04,1
62.0,30.0,0.0,2014-03-05,2
33.0,13.0,0.0,2014-03-06,3
123.0,47.0,0.0,2014-03-07,4
112.0,44.0,0.0,2014-03-08,5
118.0,41.0,0.0,2014-03-09,6
100.0,0.0,100.0,2014-03-10,0
63.0,31.0,12.0,2014-03-11,1
93.0,24.0,20.0,2014-03-12,2
68.0,13.0,28.0,2014-03-13,3
105.0,43.0,0.0,2014-03-14,4
113.0,46.0,0.0,2014-03-15,5
153.0,63.0,0.0,2014-03-16,6
56.0,0.0,56.0,2014-03-17,0
83.0,37.0,12.0,2014-03-18,1
79.0,9.0,39.0,2014-03-19,2
77.0,25.0,0.0,2014-03-20,3
116.0,48.0,0.0,2014-03-21,4
108.0,41.0,0.0,2014-03-22,5
149.0,56.0,0.0,2014-03-23,6
0.0,0.0,0.0,2014-03-24,0
48.0,29.0,0.0,2014-03-25,1
4.0,1.0,0.0,2014-03-26,2
55.0,31.0,21.0,2014-03-27,3
97.0,40.0,0.0,2014-03-28,4
18.0,11.0,0.0,2014-03-29,5
122.0,50.0,0.0,2014-03-30,6
0.0,0.0,0.0,2014-03-31,0
5.0,3.0,0.0,2014-04-01,1
41.0,6.0,16.0,2014-04-02,2
60.0,37.0,35.0,2014-04-03,3
67.0,30.0,0.0,2014-04-04,4
118.0,55.0,0.0,2014-04-05,5
165.0,46.0,0.0,2014-04-06,6
0.0,0.0,0.0,2014-04-07,0
79.0,41.0,0.0,2014-04-08,1
72.0,18.0,0.0,2014-04-09,2
70.0,26.0,0.0,2014-04-10,3
130.0,46.0,0.0,2014-04-11,4
145.0,31.0,0.0,2014-04-12,5
157.0,37.0,0.0,2014-04-13,6
98.0,0.0,98.0,2014-04-14,0
78.0,27.0,0.0,2014-04-15,1
127.0,52.0,40.0,2014-04-16,2
71.0,8.0,0.0,2014-04-17,3
148.0,17.0,112.0,2014-04-18,4
146.0,9.0,112.0,2014-04-19,5
74.0,30.0,0.0,2014-04-20,6
0.0,0.0,0.0,2014-04-21,0
61.0,31.0,0.0,2014-04-22,1
81.0,15.0,20.0,2014-04-23,2
76.0,19.0,-1.0,2014-04-24,3
39.0,15.0,0.0,2014-04-25,4
166.0,91.0,59.0,2014-04-26,5
83.0,33.0,0.0,2014-04-27,6
94.0,0.0,94.0,2014-04-28,0
71.0,32.0,0.0,2014-04-29,1
103.0,19.0,0.0,2014-04-30,2
72.0,35.0,34.0,2014-05-01,3
121.0,36.0,0.0,2014-05-02,4
152.0,81.0,50.0,2014-05-03,5
132.0,47.0,0.0,2014-05-04,6
134.0,134.0,134.0,2014-05-05,0
146.0,138.0,134.0,2014-05-06,1
51.0,19.0,0.0,2014-05-07,2
87.0,17.0,12.0,2014-05-08,3
134.0,30.0,0.0,2014-05-09,4
136.0,48.0,0.0,2014-05-10,5
72.0,24.0,0.0,2014-05-11,6
154.0,0.0,154.0,2014-05-12,0
78.0,22.0,0.0,2014-05-13,1
56.0,10.0,0.0,2014-05-14,2
74.0,17.0,0.0,2014-05-15,3
159.0,58.0,0.0,2014-05-16,4
128.0,40.0,0.0,2014-05-17,5
112.0,34.0,0.0,2014-05-18,6
88.0,0.0,88.0,2014-05-19,0
69.0,35.0,0.0,2014-05-20,1
111.0,49.0,20.0,2014-05-21,2
97.0,33.0,35.0,2014-05-22,3
139.0,35.0,0.0,2014-05-23,4
130.0,47.0,0.0,2014-05-24,5
147.0,35.0,0.0,2014-05-25,6
163.0,39.0,0.0,2014-05-26,0
0.0,0.0,0.0,2014-05-27,1
117.0,27.0,8.0,2014-05-28,2
75.0,8.0,56.0,2014-05-29,3
104.0,40.0,0.0,2014-05-30,4
163.0,48.0,16.0,2014-05-31,5
151.0,35.0,0.0,2014-06-01,6
107.0,0.0,107.0,2014-06-02,0
86.0,13.0,40.0,2014-06-03,1
99.0,19.0,0.0,2014-06-04,2
103.0,5.0,58.0,2014-06-05,3
148.0,33.0,31.0,2014-06-06,4
112.0,0.0,101.0,2014-06-07,5
135.0,1.0,100.0,2014-06-08,6
148.0,0.0,148.0,2014-06-09,0
71.0,31.0,0.0,2014-06-10,1
152.0,27.0,90.0,2014-06-11,2
124.0,4.0,96.0,2014-06-12,3
157.0,8.0,96.0,2014-06-13,4
156.0,37.0,0.0,2014-06-14,5
148.0,38.0,0.0,2014-06-15,6
141.0,0.0,144.0,2014-06-16,0
150.0,0.0,150.0,2014-06-17,1
86.0,16.0,0.0,2014-06-18,2
15.0,6.0,0.0,2014-06-19,3
144.0,7.0,84.0,2014-06-20,4
122.0,31.0,0.0,2014-06-21,5
130.0,32.0,0.0,2014-06-22,6
110.0,0.0,110.0,2014-06-23,0
100.0,36.0,0.0,2014-06-24,1
82.0,22.0,0.0,2014-06-25,2
157.0,6.0,112.0,2014-06-26,3
131.0,22.0,0.0,2014-06-27,4
125.0,37.0,0.0,2014-06-28,5
106.0,26.0,0.0,2014-06-29,6
148.0,0.0,148.0,2014-06-30,0
88.0,35.0,0.0,2014-07-01,1
99.0,24.0,0.0,2014-07-02,2
85.0,20.0,0.0,2014-07-03,3
105.0,25.0,0.0,2014-07-04,4
128.0,57.0,24.0,2014-07-05,5
116.0,29.0,0.0,2014-07-06,6
0.0,0.0,0.0,2014-07-07,0
89.0,36.0,0.0,2014-07-08,1
81.0,15.0,20.0,2014-07-09,2
121.0,1.0,80.0,2014-07-10,3
101.0,22.0,0.0,2014-07-11,4
162.0,52.0,24.0,2014-07-12,5
164.0,26.0,100.0,2014-07-13,6
135.0,0.0,135.0,2014-07-14,0
71.0,31.0,0.0,2014-07-15,1
87.0,20.0,0.0,2014-07-16,2
88.0,3.0,33.0,2014-07-17,3
119.0,35.0,0.0,2014-07-18,4
125.0,31.0,28.0,2014-07-19,5
118.0,25.0,28.0,2014-07-20,6
150.0,0.0,150.0,2014-07-21,0
130.0,27.0,84.0,2014-07-22,1
95.0,22.0,0.0,2014-07-23,2
72.0,10.0,0.0,2014-07-24,3
102.0,19.0,0.0,2014-07-25,4
110.0,33.0,44.0,2014-07-26,5
138.0,23.0,0.0,2014-07-27,6
144.0,0.0,144.0,2014-07-28,0
59.0,16.0,0.0,2014-07-29,1
94.0,12.0,0.0,2014-07-30,2
77.0,38.0,36.0,2014-07-31,3
97.0,20.0,0.0,2014-08-01,4
80.0,24.0,5.0,2014-08-02,5
134.0,31.0,0.0,2014-08-03,6
64.0,0.0,64.0,2014-08-04,0
93.0,37.0,0.0,2014-08-05,1
86.0,11.0,0.0,2014-08-06,2
70.0,1.0,49.0,2014-08-07,3
139.0,36.0,0.0,2014-08-08,4
152.0,29.0,39.0,2014-08-09,5
121.0,26.0,0.0,2014-08-10,6
81.0,0.0,81.0,2014-08-11,0
89.0,40.0,0.0,2014-08-12,1
151.0,6.0,84.0,2014-08-13,2
101.0,12.0,16.0,2014-08-14,3
118.0,20.0,0.0,2014-08-15,4
117.0,52.0,24.0,2014-08-16,5
96.0,28.0,3.0,2014-08-17,6
123.0,0.0,123.0,2014-08-18,0
118.0,48.0,0.0,2014-08-19,1
93.0,13.0,0.0,2014-08-20,2
75.0,14.0,27.0,2014-08-21,3
116.0,28.0,0.0,2014-08-22,4
113.0,39.0,0.0,2014-08-23,5
145.0,27.0,0.0,2014-08-24,6
0.0,0.0,0.0,2014-08-25,0
106.0,21.0,16.0,2014-08-26,1
314.0,14.0,240.0,2014-08-27,2
0.0,0.0,0.0,2014-08-28,3
240.0,0.0,240.0,2014-08-29,4
240.0,0.0,240.0,2014-08-30,5
240.0,0.0,240.0,2014-08-31,6
127.0,30.0,0.0,2014-09-01,0
0.0,0.0,0.0,2014-09-02,1
74.0,23.0,0.0,2014-09-03,2
94.0,4.0,35.0,2014-09-04,3
95.0,20.0,0.0,2014-09-05,4
102.0,29.0,0.0,2014-09-06,5
87.0,30.0,0.0,2014-09-07,6
116.0,0.0,116.0,2014-09-08,0
120.0,19.0,84.0,2014-09-09,1
85.0,17.0,16.0,2014-09-10,2
74.0,4.0,29.0,2014-09-11,3
112.0,19.0,26.0,2014-09-12,4
103.0,23.0,0.0,2014-09-13,5
93.0,18.0,0.0,2014-09-14,6
72.0,0.0,72.0,2014-09-15,0
85.0,22.0,0.0,2014-09-16,1
68.0,19.0,0.0,2014-09-17,2
67.0,2.0,30.0,2014-09-18,3
106.0,38.0,0.0,2014-09-19,4
96.0,33.0,0.0,2014-09-20,5
91.0,23.0,0.0,2014-09-21,6
94.0,0.0,94.0,2014-09-22,0
90.0,13.0,46.0,2014-09-23,1
70.0,21.0,0.0,2014-09-24,2
42.0,11.0,0.0,2014-09-25,3
135.0,34.0,0.0,2014-09-26,4
120.0,0.0,120.0,2014-09-27,5
73.0,17.0,0.0,2014-09-28,6
68.0,0.0,68.0,2014-09-29,0
105.0,43.0,8.0,2014-09-30,1
71.0,9.0,30.0,2014-10-01,2
109.0,5.0,96.0,2014-10-02,3
100.0,37.0,0.0,2014-10-03,4
110.0,39.0,0.0,2014-10-04,5
101.0,31.0,0.0,2014-10-05,6
132.0,0.0,132.0,2014-10-06,0
80.0,26.0,12.0,2014-10-07,1
68.0,14.0,0.0,2014-10-08,2
74.0,13.0,0.0,2014-10-09,3
120.0,24.0,0.0,2014-10-10,4
96.0,20.0,0.0,2014-10-11,5
86.0,13.0,0.0,2014-10-12,6
0.0,0.0,0.0,2014-10-13,0
59.0,26.0,0.0,2014-10-14,1
30.0,15.0,0.0,2014-10-15,2
46.0,6.0,0.0,2014-10-16,3
52.0,15.0,0.0,2014-10-17,4
66.0,24.0,0.0,2014-10-18,5
83.0,23.0,0.0,2014-10-19,6
0.0,0.0,0.0,2014-10-20,0
69.0,24.0,0.0,2014-10-21,1
59.0,17.0,0.0,2014-10-22,2
65.0,15.0,0.0,2014-10-23,3
76.0,22.0,0.0,2014-10-24,4
50.0,9.0,28.0,2014-10-25,5
75.0,27.0,0.0,2014-10-26,6
84.0,0.0,84.0,2014-10-27,0
72.0,27.0,0.0,2014-10-28,1
71.0,14.0,0.0,2014-10-29,2
79.0,4.0,46.0,2014-10-30,3
29.0,7.0,0.0,2014-10-31,4
90.0,23.0,0.0,2014-11-01,5
91.0,30.0,0.0,2014-11-02,6
0.0,0.0,0.0,2014-11-03,0
61.0,34.0,0.0,2014-11-04,1
54.0,16.0,0.0,2014-11-05,2
70.0,22.0,0.0,2014-11-06,3
112.0,45.0,0.0,2014-11-07,4
102.0,35.0,0.0,2014-11-08,5
87.0,12.0,56.0,2014-11-09,6
17.0,2.0,0.0,2014-11-10,0
66.0,26.0,0.0,2014-11-11,1
49.0,17.0,0.0,2014-11-12,2
35.0,8.0,0.0,2014-11-13,3
97.0,24.0,0.0,2014-11-14,4
72.0,27.0,0.0,2014-11-15,5
65.0,15.0,0.0,2014-11-16,6
0.0,0.0,0.0,2014-11-17,0
63.0,19.0,0.0,2014-11-18,1
27.0,10.0,0.0,2014-11-19,2
23.0,2.0,19.0,2014-11-20,3
47.0,29.0,0.0,2014-11-21,4
70.0,25.0,0.0,2014-11-22,5
98.0,32.0,0.0,2014-11-23,6
0.0,0.0,0.0,2014-11-24,0
89.0,27.0,0.0,2014-11-25,1
132.0,30.0,0.0,2014-11-26,2
48.0,18.0,0.0,2014-11-27,3
124.0,22.0,0.0,2014-11-28,4
24.0,14.0,0.0,2014-11-29,5
16.0,8.0,0.0,2014-11-30,6
0.0,0.0,0.0,2014-12-01,0
0.0,0.0,0.0,2014-12-02,1
0.0,0.0,0.0,2014-12-03,2
16.0,7.0,0.0,2014-12-04,3
44.0,23.0,0.0,2014-12-05,4
50.0,28.0,0.0,2014-12-06,5
60.0,31.0,0.0,2014-12-07,6
0.0,0.0,0.0,2014-12-08,0
34.0,19.0,0.0,2014-12-09,1
37.0,16.0,0.0,2014-12-10,2
0.0,0.0,0.0,2014-12-11,3
7.0,5.0,0.0,2014-12-12,4
55.0,32.0,0.0,2014-12-13,5
74.0,30.0,0.0,2014-12-14,6
0.0,0.0,0.0,2014-12-15,0
18.0,11.0,0.0,2014-12-16,1
28.0,11.0,0.0,2014-12-17,2
19.0,9.0,0.0,2014-12-18,3
8.0,6.0,0.0,2014-12-19,4
43.0,29.0,0.0,2014-12-20,5
52.0,17.0,0.0,2014-12-21,6
0.0,0.0,0.0,2014-12-22,0
86.0,27.0,0.0,2014-12-23,1
59.0,18.0,0.0,2014-12-24,2
0.0,0.0,0.0,2014-12-25,3
93.0,38.0,0.0,2014-12-26,4
63.0,26.0,0.0,2014-12-27,5
74.0,29.0,0.0,2014-12-28,6
0.0,0.0,0.0,2014-12-29,0
73.0,21.0,0.0,2014-12-30,1
20.0,13.0,0.0,2014-12-31,2
90.0,30.0,0.0,2015-02-01,6
0.0,0.0,0.0,2015-02-02,0
52.0,28.0,0.0,2015-02-03,1
70.0,17.0,0.0,2015-02-04,2
51.0,11.0,0.0,2015-02-05,3
27.0,16.0,0.0,2015-02-06,4
52.0,24.0,0.0,2015-02-07,5
-1.0,-1.0,0.0,2015-02-08,6
0.0,0.0,0.0,2015-02-09,0
37.0,24.0,0.0,2015-02-10,1
68.0,18.0,20.0,2015-02-11,2
55.0,15.0,0.0,2015-02-12,3
92.0,40.0,0.0,2015-02-13,4
91.0,35.0,0.0,2015-02-14,5
136.0,42.0,0.0,2015-02-15,6
115.0,46.0,0.0,2015-02-16,0
50.0,28.0,0.0,2015-02-17,1
55.0,15.0,16.0,2015-02-18,2
56.0,15.0,0.0,2015-02-19,3
117.0,40.0,0.0,2015-02-20,4
104.0,42.0,0.0,2015-02-21,5
121.0,36.0,0.0,2015-02-22,6
74.0,0.0,74.0,2015-02-23,0
69.0,25.0,20.0,2015-02-24,1
105.0,15.0,36.0,2015-02-25,2
73.0,24.0,0.0,2015-02-26,3
103.0,38.0,0.0,2015-02-27,4
94.0,48.0,0.0,2015-02-28,5
89.0,30.0,0.0,2015-03-01,6
79.0,0.0,79.0,2015-03-02,0
65.0,34.0,0.0,2015-03-03,1
73.0,19.0,12.0,2015-03-04,2
65.0,26.0,0.0,2015-03-05,3
108.0,34.0,0.0,2015-03-06,4
127.0,57.0,0.0,2015-03-07,5
129.0,57.0,0.0,2015-03-08,6
136.0,0.0,136.0,2015-03-09,0
72.0,43.0,0.0,2015-03-10,1
76.0,29.0,16.0,2015-03-11,2
81.0,18.0,0.0,2015-03-12,3
123.0,36.0,0.0,2015-03-13,4
114.0,31.0,0.0,2015-03-14,5
131.0,41.0,0.0,2015-03-15,6
77.0,35.0,0.0,2015-03-16,0
0.0,0.0,0.0,2015-03-17,1
122.0,27.0,76.0,2015-03-18,2
93.0,2.0,73.0,2015-03-19,3
135.0,35.0,0.0,2015-03-20,4
118.0,43.0,0.0,2015-03-21,5
86.0,27.0,0.0,2015-03-22,6
0.0,0.0,0.0,2015-03-23,0
70.0,30.0,16.0,2015-03-24,1
86.0,38.0,0.0,2015-03-25,2
65.0,9.0,32.0,2015-03-26,3
107.0,29.0,0.0,2015-03-27,4
91.0,30.0,0.0,2015-03-28,5
118.0,32.0,0.0,2015-03-29,6
0.0,0.0,0.0,2015-03-30,0
58.0,30.0,0.0,2015-03-31,1
59.0,16.0,16.0,2015-04-01,2
110.0,8.0,84.0,2015-04-02,3
114.0,45.0,0.0,2015-04-03,4
122.0,42.0,0.0,2015-04-04,5
37.0,15.0,0.0,2015-04-05,6
0.0,0.0,0.0,2015-04-06,0
23.0,8.0,0.0,2015-04-07,1
93.0,47.0,36.0,2015-04-08,2
93.0,33.0,12.0,2015-04-09,3
105.0,34.0,0.0,2015-04-10,4
103.0,42.0,0.0,2015-04-11,5
119.0,31.0,0.0,2015-04-12,6
108.0,0.0,108.0,2015-04-13,0
180.0,21.0,116.0,2015-04-14,1
92.0,27.0,16.0,2015-04-15,2
73.0,19.0,0.0,2015-04-16,3
143.0,8.0,128.0,2015-04-17,4
154.0,4.0,128.0,2015-04-18,5
117.0,32.0,0.0,2015-04-19,6
0.0,0.0,0.0,2015-04-20,0
70.0,32.0,0.0,2015-04-21,1
65.0,18.0,16.0,2015-04-22,2
0.0,0.0,0.0,2015-04-23,3
89.0,26.0,0.0,2015-04-24,4
120.0,27.0,55.0,2015-04-25,5
132.0,38.0,0.0,2015-04-26,6
92.0,0.0,92.0,2015-04-27,0
87.0,38.0,12.0,2015-04-28,1
83.0,28.0,0.0,2015-04-29,2
67.0,13.0,0.0,2015-04-30,3
131.0,30.0,0.0,2015-05-01,4
99.0,30.0,0.0,2015-05-02,5
127.0,28.0,0.0,2015-05-03,6
114.0,0.0,114.0,2015-05-04,0
128.0,3.0,114.0,2015-05-05,1
68.0,28.0,0.0,2015-05-06,2
70.0,12.0,12.0,2015-05-07,3
134.0,48.0,0.0,2015-05-08,4
133.0,21.0,44.0,2015-05-09,5
67.0,31.0,0.0,2015-05-10,6
146.0,0.0,146.0,2015-05-11,0
53.0,28.0,0.0,2015-05-12,1
50.0,13.0,0.0,2015-05-13,2
75.0,16.0,16.0,2015-05-14,3
123.0,34.0,0.0,2015-05-15,4
129.0,32.0,73.0,2015-05-16,5
121.0,21.0,65.0,2015-05-17,6
52.0,0.0,52.0,2015-05-18,0
54.0,24.0,0.0,2015-05-19,1
70.0,33.0,0.0,2015-05-20,2
89.0,34.0,30.0,2015-05-21,3
110.0,39.0,0.0,2015-05-22,4
112.0,35.0,0.0,2015-05-23,5
121.0,33.0,0.0,2015-05-24,6
166.0,44.0,0.0,2015-05-25,0
0.0,0.0,0.0,2015-05-26,1
91.0,23.0,0.0,2015-05-27,2
69.0,2.0,52.0,2015-05-28,3
117.0,31.0,0.0,2015-05-29,4
125.0,31.0,0.0,2015-05-30,5
151.0,26.0,0.0,2015-05-31,6
114.0,0.0,114.0,2015-06-01,0
94.0,32.0,0.0,2015-06-02,1
86.0,28.0,0.0,2015-06-03,2
87.0,7.0,44.0,2015-06-04,3
143.0,23.0,16.0,2015-06-05,4
141.0,1.0,120.0,2015-06-06,5
153.0,5.0,120.0,2015-06-07,6
100.0,0.0,100.0,2015-06-08,0
89.0,14.0,44.0,2015-06-09,1
107.0,9.0,92.0,2015-06-10,2
124.0,3.0,92.0,2015-06-11,3
150.0,8.0,92.0,2015-06-12,4
115.0,39.0,0.0,2015-06-13,5
130.0,62.0,0.0,2015-06-14,6
140.0,0.0,144.0,2015-06-15,0
27.0,17.0,0.0,2015-06-16,1
109.0,32.0,0.0,2015-06-17,2
118.0,0.0,118.0,2015-06-18,3
146.0,10.0,96.0,2015-06-19,4
119.0,32.0,0.0,2015-06-20,5
151.0,48.0,0.0,2015-06-21,6
65.0,0.0,65.0,2015-06-22,0
86.0,25.0,0.0,2015-06-23,1
90.0,25.0,0.0,2015-06-24,2
53.0,9.0,0.0,2015-06-25,3
116.0,22.0,0.0,2015-06-26,4
123.0,28.0,0.0,2015-06-27,5
112.0,30.0,0.0,2015-06-28,6
114.0,0.0,114.0,2015-06-29,0
71.0,8.0,33.0,2015-06-30,1
78.0,22.0,0.0,2015-07-01,2
107.0,14.0,37.0,2015-07-02,3
128.0,44.0,0.0,2015-07-03,4
126.0,39.0,0.0,2015-07-04,5
122.0,30.0,0.0,2015-07-05,6
168.0,0.0,168.0,2015-07-06,0
73.0,26.0,0.0,2015-07-07,1
77.0,12.0,0.0,2015-07-08,2
108.0,2.0,80.0,2015-07-09,3
110.0,22.0,0.0,2015-07-10,4
155.0,61.0,22.0,2015-07-11,5
126.0,12.0,84.0,2015-07-12,6
124.0,0.0,124.0,2015-07-13,0
82.0,25.0,0.0,2015-07-14,1
88.0,26.0,0.0,2015-07-15,2
68.0,5.0,27.0,2015-07-16,3
108.0,25.0,0.0,2015-07-17,4
88.0,19.0,44.0,2015-07-18,5
100.0,32.0,0.0,2015-07-19,6
145.0,0.0,145.0,2015-07-20,0
128.0,20.0,92.0,2015-07-21,1
87.0,19.0,0.0,2015-07-22,2
93.0,20.0,34.0,2015-07-23,3
105.0,32.0,0.0,2015-07-24,4
112.0,29.0,36.0,2015-07-25,5
85.0,27.0,0.0,2015-07-26,6
116.0,0.0,116.0,2015-07-27,0
78.0,25.0,0.0,2015-07-28,1
50.0,6.0,0.0,2015-07-29,2
91.0,37.0,32.0,2015-07-30,3
110.0,35.0,0.0,2015-07-31,4
100.0,31.0,0.0,2015-08-01,5
126.0,40.0,0.0,2015-08-02,6
0.0,0.0,0.0,2015-08-03,0
73.0,31.0,0.0,2015-08-04,1
71.0,23.0,0.0,2015-08-05,2
79.0,12.0,26.0,2015-08-06,3
97.0,26.0,27.0,2015-08-07,4
129.0,24.0,28.0,2015-08-08,5
112.0,31.0,0.0,2015-08-09,6
94.0,0.0,94.0,2015-08-10,0
103.0,34.0,0.0,2015-08-11,1
134.0,5.0,84.0,2015-08-12,2
93.0,29.0,12.0,2015-08-13,3
130.0,39.0,0.0,2015-08-14,4
95.0,24.0,0.0,2015-08-15,5
99.0,13.0,0.0,2015-08-16,6
120.0,0.0,120.0,2015-08-17,0
64.0,28.0,0.0,2015-08-18,1
80.0,18.0,0.0,2015-08-19,2
87.0,16.0,12.0,2015-08-20,3
111.0,23.0,0.0,2015-08-21,4
124.0,27.0,22.0,2015-08-22,5
118.0,20.0,0.0,2015-08-23,6
144.0,0.0,144.0,2015-08-24,0
81.0,28.0,0.0,2015-08-25,1
71.0,14.0,0.0,2015-08-26,2
73.0,15.0,0.0,2015-08-27,3
117.0,19.0,0.0,2015-08-28,4
143.0,59.0,32.0,2015-08-29,5
134.0,29.0,0.0,2015-08-30,6
0.0,0.0,0.0,2015-08-31,0
88.0,26.0,16.0,2015-09-01,1
74.0,19.0,0.0,2015-09-02,2
216.0,0.0,216.0,2015-09-03,3
217.0,0.0,216.0,2015-09-04,4
216.0,0.0,216.0,2015-09-05,5
216.0,0.0,216.0,2015-09-06,6
115.0,27.0,0.0,2015-09-07,0
0.0,0.0,0.0,2015-09-08,1
101.0,7.0,80.0,2015-09-09,2
61.0,4.0,17.0,2015-09-10,3
70.0,19.0,0.0,2015-09-11,4
95.0,34.0,0.0,2015-09-12,5
88.0,23.0,0.0,2015-09-13,6
84.0,0.0,84.0,2015-09-14,0
73.0,25.0,0.0,2015-09-15,1
47.0,11.0,0.0,2015-09-16,2
76.0,28.0,20.0,2015-09-17,3
95.0,13.0,0.0,2015-09-18,4
82.0,26.0,0.0,2015-09-19,5
56.0,24.0,0.0,2015-09-20,6
108.0,0.0,108.0,2015-09-21,0
103.0,13.0,62.0,2015-09-22,1
76.0,17.0,0.0,2015-09-23,2
81.0,4.0,23.0,2015-09-24,3
128.0,24.0,0.0,2015-09-25,4
95.0,22.0,0.0,2015-09-26,5
96.0,26.0,0.0,2015-09-27,6
144.0,0.0,144.0,2015-09-28,0
70.0,22.0,0.0,2015-09-29,1
55.0,4.0,32.0,2015-09-30,2
131.0,2.0,120.0,2015-10-01,3
125.0,35.0,0.0,2015-10-02,4
102.0,23.0,0.0,2015-10-03,5
84.0,18.0,32.0,2015-10-04,6
107.0,0.0,107.0,2015-10-05,0
86.0,25.0,23.0,2015-10-06,1
87.0,15.0,0.0,2015-10-07,2
52.0,7.0,42.0,2015-10-08,3
110.0,27.0,0.0,2015-10-09,4
118.0,28.0,0.0,2015-10-10,5
89.0,31.0,0.0,2015-10-11,6
0.0,0.0,0.0,2015-10-12,0
46.0,18.0,0.0,2015-10-13,1
42.0,8.0,0.0,2015-10-14,2
61.0,14.0,0.0,2015-10-15,3
97.0,34.0,0.0,2015-10-16,4
69.0,22.0,0.0,2015-10-17,5
61.0,12.0,0.0,2015-10-18,6
0.0,0.0,0.0,2015-10-19,0
59.0,25.0,0.0,2015-10-20,1
74.0,20.0,0.0,2015-10-21,2
81.0,10.0,0.0,2015-10-22,3
104.0,29.0,0.0,2015-10-23,4
76.0,24.0,0.0,2015-10-24,5
95.0,33.0,0.0,2015-10-25,6
89.0,0.0,89.0,2015-10-26,0
89.0,7.0,35.0,2015-10-27,1
61.0,12.0,0.0,2015-10-28,2
104.0,9.0,0.0,2015-10-29,3
110.0,27.0,0.0,2015-10-30,4
115.0,37.0,0.0,2015-10-31,5
91.0,19.0,20.0,2015-11-01,6
111.0,0.0,111.0,2015-11-02,0
62.0,27.0,0.0,2015-11-03,1
64.0,20.0,0.0,2015-11-04,2
69.0,16.0,0.0,2015-11-05,3
96.0,24.0,0.0,2015-11-06,4
70.0,27.0,0.0,2015-11-07,5
62.0,10.0,28.0,2015-11-08,6
0.0,0.0,0.0,2015-11-09,0
43.0,21.0,0.0,2015-11-10,1
71.0,27.0,0.0,2015-11-11,2
48.0,20.0,0.0,2015-11-12,3
78.0,31.0,0.0,2015-11-13,4
93.0,40.0,0.0,2015-11-14,5
31.0,16.0,0.0,2015-11-15,6
0.0,0.0,0.0,2015-11-16,0
62.0,24.0,0.0,2015-11-17,1
40.0,14.0,0.0,2015-11-18,2
78.0,8.0,37.0,2015-11-19,3
103.0,33.0,0.0,2015-11-20,4
67.0,38.0,0.0,2015-11-21,5
93.0,28.0,0.0,2015-11-22,6
0.0,0.0,0.0,2015-11-23,0
46.0,5.0,0.0,2015-11-24,1
110.0,25.0,0.0,2015-11-25,2
25.0,18.0,0.0,2015-11-26,3
89.0,38.0,0.0,2015-11-27,4
80.0,30.0,0.0,2015-11-28,5
55.0,30.0,0.0,2015-11-29,6
0.0,0.0,0.0,2015-11-30,0
52.0,22.0,0.0,2015-12-01,1
56.0,27.0,0.0,2015-12-02,2
1.0,1.0,0.0,2015-12-03,3
69.0,35.0,0.0,2015-12-04,4
75.0,43.0,0.0,2015-12-05,5
36.0,18.0,0.0,2015-12-06,6
0.0,0.0,0.0,2015-12-07,0
31.0,13.0,0.0,2015-12-08,1
65.0,33.0,0.0,2015-12-09,2
4.0,1.0,0.0,2015-12-10,3
58.0,24.0,0.0,2015-12-11,4
70.0,40.0,0.0,2015-12-12,5
7.0,1.0,0.0,2015-12-13,6
0.0,0.0,0.0,2015-12-14,0
34.0,21.0,0.0,2015-12-15,1
63.0,27.0,0.0,2015-12-16,2
35.0,12.0,0.0,2015-12-17,3
48.0,19.0,0.0,2015-12-18,4
30.0,22.0,0.0,2015-12-19,5
19.0,12.0,0.0,2015-12-20,6
26.0,2.0,0.0,2015-12-21,0
26.0,2.0,0.0,2015-12-22,1
102.0,42.0,0.0,2015-12-23,2
14.0,9.0,0.0,2015-12-24,3
0.0,0.0,0.0,2015-12-25,4
84.0,21.0,0.0,2015-12-26,5
37.0,13.0,0.0,2015-12-27,6
0.0,0.0,0.0,2015-12-28,0
56.0,28.0,0.0,2015-12-29,1
51.0,37.0,0.0,2015-12-30,2
52.0,21.0,0.0,2015-12-31,3
25.0,9.0,0.0,2016-01-01,4
55.0,26.0,0.0,2016-01-02,5
60.0,26.0,0.0,2016-01-03,6
0.0,0.0,0.0,2016-01-04,0
6.0,6.0,0.0,2016-01-05,1
1.0,1.0,0.0,2016-01-06,2
13.0,7.0,0.0,2016-01-07,3
70.0,38.0,0.0,2016-01-08,4
31.0,20.0,0.0,2016-01-09,5
67.0,27.0,0.0,2016-01-10,6
0.0,0.0,0.0,2016-01-11,0
45.0,22.0,0.0,2016-01-12,1
10.0,6.0,0.0,2016-01-13,2
14.0,12.0,0.0,2016-01-14,3
78.0,30.0,0.0,2016-01-15,4
29.0,17.0,0.0,2016-01-16,5
28.0,10.0,0.0,2016-01-17,6
44.0,16.0,0.0,2016-01-18,0
0.0,0.0,0.0,2016-01-19,1
36.0,15.0,0.0,2016-01-20,2
35.0,19.0,0.0,2016-01-21,3
3.0,3.0,0.0,2016-01-22,4
20.0,9.0,0.0,2016-01-23,5
78.0,44.0,0.0,2016-01-24,6
0.0,0.0,0.0,2016-01-25,0
55.0,25.0,0.0,2016-01-26,1
78.0,36.0,0.0,2016-01-27,2
55.0,2.0,28.0,2016-01-28,3
32.0,14.0,0.0,2016-01-29,4
68.0,35.0,0.0,2016-01-30,5
69.0,30.0,0.0,2016-01-31,6
0.0,0.0,0.0,2016-02-01,0
44.0,12.0,0.0,2016-02-02,1
43.0,16.0,0.0,2016-02-03,2
65.0,22.0,0.0,2016-02-04,3
102.0,33.0,0.0,2016-02-05,4
89.0,44.0,0.0,2016-02-06,5
80.0,43.0,0.0,2016-02-07,6
0.0,0.0,0.0,2016-02-08,0
67.0,25.0,0.0,2016-02-09,1
58.0,23.0,0.0,2016-02-10,2
74.0,22.0,0.0,2016-02-11,3
100.0,26.0,0.0,2016-02-12,4
92.0,36.0,0.0,2016-02-13,5
115.0,36.0,0.0,2016-02-14,6
133.0,69.0,0.0,2016-02-15,0
84.0,29.0,0.0,2016-02-16,1
60.0,19.0,16.0,2016-02-17,2
27.0,11.0,0.0,2016-02-18,3
85.0,25.0,0.0,2016-02-19,4
90.0,43.0,0.0,2016-02-20,5
128.0,63.0,0.0,2016-02-21,6
0.0,0.0,0.0,2016-02-22,0
73.0,29.0,0.0,2016-02-23,1
88.0,21.0,0.0,2016-02-24,2
98.0,23.0,0.0,2016-02-25,3
116.0,35.0,0.0,2016-02-26,4
107.0,39.0,0.0,2016-02-27,5
102.0,38.0,0.0,2016-02-28,6
0.0,0.0,0.0,2016-02-29,0
73.0,24.0,12.0,2016-03-01,1
92.0,24.0,0.0,2016-03-02,2
72.0,20.0,0.0,2016-03-03,3
48.0,21.0,0.0,2016-03-04,4
26.0,13.0,0.0,2016-03-05,5
34.0,15.0,0.0,2016-03-06,6
49.0,0.0,49.0,2016-03-07,0
62.0,20.0,0.0,2016-03-08,1
25.0,5.0,0.0,2016-03-09,2
40.0,26.0,12.0,2016-03-10,3
12.0,3.0,0.0,2016-03-11,4
30.0,22.0,0.0,2016-03-12,5
0.0,0.0,0.0,2016-03-13,6
0.0,0.0,0.0,2016-03-14,0
47.0,19.0,0.0,2016-03-15,1
75.0,13.0,33.0,2016-03-16,2
81.0,8.0,27.0,2016-03-17,3
108.0,29.0,0.0,2016-03-18,4
113.0,39.0,0.0,2016-03-19,5
98.0,33.0,0.0,2016-03-20,6
0.0,0.0,0.0,2016-03-21,0
44.0,24.0,0.0,2016-03-22,1
44.0,19.0,0.0,2016-03-23,2
74.0,6.0,38.0,2016-03-24,3
121.0,42.0,0.0,2016-03-25,4
116.0,42.0,0.0,2016-03-26,5
42.0,23.0,0.0,2016-03-27,6
0.0,0.0,0.0,2016-03-28,0
88.0,29.0,0.0,2016-03-29,1
100.0,25.0,0.0,2016-03-30,2
61.0,17.0,0.0,2016-03-31,3
134.0,36.0,0.0,2016-04-01,4
74.0,31.0,0.0,2016-04-02,5
135.0,32.0,0.0,2016-04-03,6
0.0,0.0,0.0,2016-04-04,0
58.0,10.0,0.0,2016-04-05,1
66.0,24.0,0.0,2016-04-06,2
87.0,9.0,59.0,2016-04-07,3
102.0,44.0,0.0,2016-04-08,4
33.0,16.0,0.0,2016-04-09,5
30.0,12.0,0.0,2016-04-10,6
105.0,0.0,105.0,2016-04-11,0
46.0,16.0,0.0,2016-04-12,1
113.0,19.0,0.0,2016-04-13,2
75.0,17.0,0.0,2016-04-14,3
154.0,5.0,131.0,2016-04-15,4
160.0,11.0,132.0,2016-04-16,5
113.0,21.0,0.0,2016-04-17,6
0.0,0.0,0.0,2016-04-18,0
61.0,22.0,0.0,2016-04-19,1
104.0,24.0,0.0,2016-04-20,2
80.0,18.0,0.0,2016-04-21,3
39.0,18.0,0.0,2016-04-22,4
146.0,36.0,52.0,2016-04-23,5
99.0,33.0,0.0,2016-04-24,6
0.0,0.0,0.0,2016-04-25,0
151.0,18.0,84.0,2016-04-26,1
37.0,9.0,0.0,2016-04-27,2
85.0,15.0,0.0,2016-04-28,3
133.0,32.0,0.0,2016-04-29,4
94.0,32.0,0.0,2016-04-30,5
135.0,28.0,0.0,2016-05-01,6
156.0,0.0,156.0,2016-05-02,0
168.0,2.0,156.0,2016-05-03,1
89.0,15.0,-4.0,2016-05-04,2
76.0,12.0,0.0,2016-05-05,3
88.0,18.0,0.0,2016-05-06,4
124.0,18.0,89.0,2016-05-07,5
73.0,29.0,0.0,2016-05-08,6
0.0,0.0,0.0,2016-05-09,0
60.0,17.0,0.0,2016-05-10,1
66.0,16.0,0.0,2016-05-11,2
77.0,20.0,0.0,2016-05-12,3
107.0,23.0,0.0,2016-05-13,4
111.0,36.0,0.0,2016-05-14,5
97.0,34.0,0.0,2016-05-15,6
71.0,0.0,71.0,2016-05-16,0
80.0,33.0,0.0,2016-05-17,1
63.0,16.0,0.0,2016-05-18,2
152.0,5.0,105.0,2016-05-19,3
109.0,27.0,0.0,2016-05-20,4
76.0,35.0,0.0,2016-05-21,5
94.0,35.0,0.0,2016-05-22,6
92.0,0.0,92.0,2016-05-23,0
179.0,29.0,92.0,2016-05-24,1
68.0,17.0,0.0,2016-05-25,2
69.0,3.0,52.0,2016-05-26,3
119.0,35.0,0.0,2016-05-27,4
118.0,34.0,0.0,2016-05-28,5
123.0,30.0,0.0,2016-05-29,6
135.0,39.0,0.0,2016-05-30,0
0.0,0.0,0.0,2016-05-31,1
71.0,13.0,0.0,2016-06-01,2
85.0,3.0,33.0,2016-06-02,3
93.0,13.0,0.0,2016-06-03,4
124.0,5.0,112.0,2016-06-04,5
149.0,7.0,112.0,2016-06-05,6
142.0,0.0,142.0,2016-06-06,0
84.0,24.0,0.0,2016-06-07,1
40.0,14.0,0.0,2016-06-08,2
113.0,4.0,92.0,2016-06-09,3
154.0,7.0,92.0,2016-06-10,4
129.0,30.0,0.0,2016-06-11,5
76.0,22.0,0.0,2016-06-12,6
102.0,0.0,102.0,2016-06-13,0
132.0,21.0,101.0,2016-06-14,1
98.0,24.0,0.0,2016-06-15,2
88.0,5.0,76.0,2016-06-16,3
119.0,0.0,76.0,2016-06-17,4
125.0,39.0,0.0,2016-06-18,5
149.0,28.0,0.0,2016-06-19,6
0.0,0.0,0.0,2016-06-20,0
77.0,20.0,0.0,2016-06-21,1
88.0,24.0,0.0,2016-06-22,2
113.0,29.0,0.0,2016-06-23,3
139.0,23.0,32.0,2016-06-24,4
142.0,36.0,0.0,2016-06-25,5
108.0,19.0,0.0,2016-06-26,6
144.0,0.0,144.0,2016-06-27,0
78.0,15.0,28.0,2016-06-28,1
107.0,22.0,0.0,2016-06-29,2
116.0,18.0,0.0,2016-06-30,3
118.0,32.0,0.0,2016-07-01,4
106.0,41.0,0.0,2016-07-02,5
103.0,37.0,0.0,2016-07-03,6
103.0,25.0,0.0,2016-07-04,0
0.0,0.0,0.0,2016-07-05,1
81.0,13.0,0.0,2016-07-06,2
112.0,1.0,80.0,2016-07-07,3
153.0,40.0,0.0,2016-07-08,4
139.0,31.0,0.0,2016-07-09,5
151.0,18.0,108.0,2016-07-10,6
128.0,0.0,128.0,2016-07-11,0
84.0,20.0,0.0,2016-07-12,1
78.0,25.0,0.0,2016-07-13,2
66.0,6.0,29.0,2016-07-14,3
118.0,25.0,0.0,2016-07-15,4
49.0,12.0,0.0,2016-07-16,5
134.0,44.0,0.0,2016-07-17,6
126.0,0.0,126.0,2016-07-18,0
119.0,9.0,94.0,2016-07-19,1
105.0,17.0,0.0,2016-07-20,2
96.0,17.0,39.0,2016-07-21,3
125.0,24.0,0.0,2016-07-22,4
153.0,31.0,48.0,2016-07-23,5
105.0,33.0,0.0,2016-07-24,6
102.0,0.0,102.0,2016-07-25,0
48.0,15.0,0.0,2016-07-26,1
54.0,7.0,0.0,2016-07-27,2
74.0,11.0,0.0,2016-07-28,3
93.0,19.0,0.0,2016-07-29,4
88.0,25.0,0.0,2016-07-30,5
92.0,21.0,0.0,2016-07-31,6
64.0,0.0,64.0,2016-08-01,0
162.0,17.0,94.0,2016-08-02,1
93.0,17.0,0.0,2016-08-03,2
102.0,4.0,56.0,2016-08-04,3
105.0,28.0,0.0,2016-08-05,4
90.0,28.0,0.0,2016-08-06,5
112.0,37.0,0.0,2016-08-07,6
0.0,0.0,0.0,2016-08-08,0
94.0,32.0,0.0,2016-08-09,1
135.0,4.0,99.0,2016-08-10,2
81.0,17.0,0.0,2016-08-11,3
114.0,25.0,0.0,2016-08-12,4
84.0,21.0,0.0,2016-08-13,5
79.0,11.0,0.0,2016-08-14,6
112.0,0.0,112.0,2016-08-15,0
189.0,26.0,110.0,2016-08-16,1
69.0,17.0,0.0,2016-08-17,2
88.0,16.0,0.0,2016-08-18,3
110.0,31.0,0.0,2016-08-19,4
112.0,32.0,0.0,2016-08-20,5
118.0,36.0,0.0,2016-08-21,6
86.0,0.0,86.0,2016-08-22,0
68.0,20.0,0.0,2016-08-23,1
88.0,16.0,0.0,2016-08-24,2
88.0,16.0,0.0,2016-08-25,3
107.0,30.0,0.0,2016-08-26,4
109.0,34.0,24.0,2016-08-27,5
106.0,25.0,0.0,2016-08-28,6
0.0,0.0,0.0,2016-08-29,0
126.0,24.0,0.0,2016-08-30,1
115.0,28.0,0.0,2016-08-31,2
0.0,0.0,0.0,2016-09-01,3
0.0,0.0,0.0,2016-09-02,4
0.0,0.0,0.0,2016-09-03,5
630.0,0.0,630.0,2016-09-04,6
135.0,42.0,0.0,2016-09-05,0
0.0,0.0,0.0,2016-09-06,1
116.0,4.0,88.0,2016-09-07,2
56.0,13.0,0.0,2016-09-08,3
88.0,22.0,0.0,2016-09-09,4
84.0,24.0,0.0,2016-09-10,5
93.0,26.0,0.0,2016-09-11,6
60.0,0.0,60.0,2016-09-12,0
67.0,22.0,0.0,2016-09-13,1
87.0,23.0,0.0,2016-09-14,2
60.0,7.0,0.0,2016-09-15,3
74.0,16.0,0.0,2016-09-16,4
83.0,27.0,0.0,2016-09-17,5
82.0,18.0,0.0,2016-09-18,6
0.0,0.0,0.0,2016-09-19,0
60.0,11.0,0.0,2016-09-20,1
80.0,17.0,0.0,2016-09-21,2
82.0,1.0,35.0,2016-09-22,3
82.0,23.0,0.0,2016-09-23,4
86.0,28.0,0.0,2016-09-24,5
62.0,15.0,0.0,2016-09-25,6
0.0,0.0,0.0,2016-09-26,0
67.0,18.0,0.0,2016-09-27,1
44.0,12.0,0.0,2016-09-28,2
75.0,8.0,0.0,2016-09-29,3
84.0,22.0,0.0,2016-09-30,4
76.0,16.0,0.0,2016-10-01,5
58.0,14.0,0.0,2016-10-02,6
104.0,0.0,104.0,2016-10-03,0
47.0,12.0,0.0,2016-10-04,1
60.0,13.0,0.0,2016-10-05,2
98.0,4.0,84.0,2016-10-06,3
102.0,20.0,0.0,2016-10-07,4
73.0,15.0,0.0,2016-10-08,5
71.0,12.0,0.0,2016-10-09,6
0.0,0.0,0.0,2016-10-10,0
30.0,7.0,0.0,2016-10-11,1
38.0,13.0,0.0,2016-10-12,2
68.0,5.0,25.0,2016-10-13,3
5.0,0.0,0.0,2016-10-14,4
50.0,17.0,0.0,2016-10-15,5
6.0,0.0,0.0,2016-10-16,6
0.0,0.0,0.0,2016-10-17,0
60.0,15.0,0.0,2016-10-18,1
76.0,8.0,29.0,2016-10-19,2
57.0,16.0,0.0,2016-10-20,3
75.0,20.0,0.0,2016-10-21,4
93.0,27.0,0.0,2016-10-22,5
103.0,23.0,0.0,2016-10-23,6
92.0,0.0,92.0,2016-10-24,0
23.0,1.0,0.0,2016-10-25,1
68.0,18.0,0.0,2016-10-26,2
14.0,5.0,0.0,2016-10-27,3
12.0,3.0,0.0,2016-10-28,4
75.0,28.0,0.0,2016-10-29,5
19.0,4.0,0.0,2016-10-30,6
68.0,0.0,68.0,2016-10-31,0
56.0,23.0,0.0,2016-11-01,1
62.0,16.0,0.0,2016-11-02,2
69.0,18.0,0.0,2016-11-03,3
105.0,22.0,0.0,2016-11-04,4
86.0,32.0,0.0,2016-11-05,5
72.0,19.0,0.0,2016-11-06,6
0.0,0.0,0.0,2016-11-07,0
49.0,18.0,0.0,2016-11-08,1
64.0,15.0,0.0,2016-11-09,2
62.0,10.0,0.0,2016-11-10,3
113.0,20.0,0.0,2016-11-11,4
77.0,23.0,0.0,2016-11-12,5
81.0,15.0,20.0,2016-11-13,6
0.0,0.0,0.0,2016-11-14,0
61.0,26.0,0.0,2016-11-15,1
56.0,10.0,0.0,2016-11-16,2
62.0,0.0,26.0,2016-11-17,3
109.0,31.0,0.0,2016-11-18,4
58.0,7.0,38.0,2016-11-19,5
21.0,3.0,0.0,2016-11-20,6
0.0,0.0,0.0,2016-11-21,0
63.0,23.0,0.0,2016-11-22,1
120.0,17.0,0.0,2016-11-23,2
16.0,3.0,0.0,2016-11-24,3
107.0,16.0,0.0,2016-11-25,4
4.0,1.0,0.0,2016-11-26,5
55.0,12.0,0.0,2016-11-27,6
0.0,0.0,0.0,2016-11-28,0
28.0,13.0,0.0,2016-11-29,1
41.0,13.0,0.0,2016-11-30,2
38.0,6.0,0.0,2016-12-01,3
73.0,10.0,0.0,2016-12-02,4
67.0,26.0,0.0,2016-12-03,5
59.0,10.0,0.0,2016-12-04,6
0.0,0.0,0.0,2016-12-05,0
27.0,9.0,0.0,2016-12-06,1
31.0,9.0,0.0,2016-12-07,2
1.0,0.0,0.0,2016-12-08,3
35.0,9.0,0.0,2016-12-09,4
0.0,0.0,0.0,2016-12-10,5
31.0,18.0,0.0,2016-12-11,6
0.0,0.0,0.0,2016-12-12,0
21.0,9.0,0.0,2016-12-13,1
37.0,13.0,0.0,2016-12-14,2
3.0,2.0,0.0,2016-12-15,3
47.0,12.0,0.0,2016-12-16,4
41.0,18.0,0.0,2016-12-17,5
40.0,16.0,0.0,2016-12-18,6
0.0,0.0,0.0,2016-12-19,0
36.0,13.0,0.0,2016-12-20,1
67.0,15.0,0.0,2016-12-21,2
82.0,23.0,0.0,2016-12-22,3
14.0,0.0,0.0,2016-12-23,4
50.0,15.0,0.0,2016-12-24,5
0.0,0.0,0.0,2016-12-25,6
0.0,0.0,0.0,2016-12-26,0
68.0,17.0,0.0,2016-12-27,1
71.0,34.0,0.0,2016-12-28,2
46.0,10.0,0.0,2016-12-29,3
68.0,23.0,0.0,2016-12-30,4
52.0,27.0,0.0,2016-12-31,5
50.0,16.0,0.0,2017-01-01,6
0.0,0.0,0.0,2017-01-02,0
7.0,5.0,0.0,2017-01-03,1
4.0,3.0,0.0,2017-01-04,2
12.0,8.0,0.0,2017-01-05,3
52.0,23.0,0.0,2017-01-06,4
8.0,1.0,0.0,2017-01-07,5
1.0,0.0,0.0,2017-01-08,6
0.0,0.0,0.0,2017-01-09,0
0.0,0.0,0.0,2017-01-10,1
0.0,0.0,0.0,2017-01-11,2
0.0,0.0,0.0,2017-01-12,3
70.0,35.0,0.0,2017-01-13,4
66.0,33.0,0.0,2017-01-14,5
51.0,27.0,0.0,2017-01-15,6
66.0,36.0,0.0,2017-01-16,0
20.0,12.0,0.0,2017-01-17,1
4.0,3.0,0.0,2017-01-18,2
2.0,0.0,0.0,2017-01-19,3
0.0,0.0,0.0,2017-01-20,4
29.0,21.0,0.0,2017-01-21,5
10.0,3.0,0.0,2017-01-22,6
0.0,0.0,0.0,2017-01-23,0
19.0,19.0,0.0,2017-01-24,1
42.0,19.0,0.0,2017-01-25,2
33.0,2.0,18.0,2017-01-26,3
69.0,23.0,0.0,2017-01-27,4
91.0,34.0,0.0,2017-01-28,5
72.0,26.0,0.0,2017-01-29,6
0.0,0.0,0.0,2017-01-30,0
42.0,20.0,0.0,2017-01-31,1
39.0,18.0,0.0,2017-02-01,2
8.0,5.0,0.0,2017-02-02,3
11.0,9.0,0.0,2017-02-03,4
49.0,31.0,0.0,2017-02-04,5
48.0,22.0,0.0,2017-02-05,6
0.0,0.0,0.0,2017-02-06,0
0.0,0.0,0.0,2017-02-07,1
0.0,0.0,0.0,2017-02-08,2
0.0,0.0,0.0,2017-02-09,3
11.0,7.0,0.0,2017-02-10,4
55.0,24.0,0.0,2017-02-11,5
87.0,36.0,0.0,2017-02-12,6
0.0,0.0,0.0,2017-02-13,0
36.0,21.0,0.0,2017-02-14,1
54.0,12.0,0.0,2017-02-15,2
4.0,3.0,0.0,2017-02-16,3
11.0,0.0,0.0,2017-02-17,4
33.0,17.0,0.0,2017-02-18,5
22.0,7.0,0.0,2017-02-19,6
0.0,0.0,0.0,2017-02-20,0
14.0,14.0,0.0,2017-02-21,1
42.0,32.0,0.0,2017-02-22,2
49.0,41.0,0.0,2017-02-23,3
80.0,28.0,0.0,2017-02-24,4
64.0,26.0,0.0,2017-02-25,5
85.0,39.0,0.0,2017-02-26,6
0.0,0.0,0.0,2017-02-27,0
30.0,14.0,0.0,2017-02-28,1
36.0,11.0,0.0,2017-03-01,2
0.0,0.0,0.0,2017-03-01,2
55.0,12.0,0.0,2017-03-02,3
83.0,21.0,0.0,2017-03-03,4
66.0,20.0,0.0,2017-03-04,5
21.0,5.0,0.0,2017-03-05,6
0.0,0.0,0.0,2017-03-06,0
104.0,11.0,80.0,2017-03-07,1
58.0,27.0,0.0,2017-03-08,2
55.0,15.0,0.0,2017-03-09,3
95.0,27.0,0.0,2017-03-10,4
100.0,39.0,0.0,2017-03-11,5
113.0,42.0,0.0,2017-03-12,6
127.0,0.0,127.0,2017-03-13,0
54.0,28.0,0.0,2017-03-14,1
56.0,16.0,0.0,2017-03-15,2
58.0,5.0,29.0,2017-03-16,3
83.0,25.0,-4.0,2017-03-17,4
75.0,37.0,0.0,2017-03-18,5
85.0,31.0,0.0,2017-03-19,6
0.0,0.0,0.0,2017-03-20,0
4.0,1.0,0.0,2017-03-21,1
5.0,4.0,0.0,2017-03-22,2
45.0,29.0,0.0,2017-03-23,3
7.0,0.0,0.0,2017-03-24,4
58.0,28.0,0.0,2017-03-25,5
64.0,28.0,0.0,2017-03-26,6
0.0,0.0,0.0,2017-03-27,0
64.0,27.0,0.0,2017-03-28,1
65.0,27.0,0.0,2017-03-29,2
30.0,6.0,0.0,2017-03-30,3
113.0,38.0,0.0,2017-03-31,4
77.0,29.0,0.0,2017-04-01,5
121.0,40.0,0.0,2017-04-02,6
0.0,0.0,0.0,2017-04-03,0
57.0,24.0,0.0,2017-04-04,1
77.0,38.0,0.0,2017-04-05,2
54.0,8.0,34.0,2017-04-06,3
40.0,19.0,0.0,2017-04-07,4
40.0,18.0,0.0,2017-04-08,5
113.0,36.0,0.0,2017-04-09,6
0.0,0.0,0.0,2017-04-10,0
67.0,45.0,0.0,2017-04-11,1
86.0,21.0,37.0,2017-04-12,2
52.0,13.0,0.0,2017-04-13,3
155.0,7.0,132.0,2017-04-14,4
271.0,9.0,132.0,2017-04-15,5
25.0,8.0,0.0,2017-04-16,6
40.0,16.0,0.0,2017-04-17,0
0.0,0.0,0.0,2017-04-18,1
92.0,51.0,0.0,2017-04-19,2
58.0,13.0,0.0,2017-04-20,3
102.0,44.0,0.0,2017-04-21,4
94.0,37.0,0.0,2017-04-22,5
186.0,32.0,56.0,2017-04-23,6
0.0,0.0,0.0,2017-04-24,0
43.0,11.0,0.0,2017-04-25,1
66.0,10.0,0.0,2017-04-26,2
57.0,13.0,0.0,2017-04-27,3
123.0,20.0,0.0,2017-04-28,4
95.0,21.0,0.0,2017-04-29,5
122.0,34.0,0.0,2017-04-30,6
0.0,0.0,0.0,2017-05-01,0
67.0,21.0,0.0,2017-05-02,1
156.0,13.0,98.0,2017-05-03,2
83.0,16.0,0.0,2017-05-04,3
111.0,44.0,-12.0,2017-05-05,4
114.0,66.0,0.0,2017-05-06,5
128.0,33.0,0.0,2017-05-07,6
0.0,0.0,0.0,2017-05-08,0
304.0,0.0,304.0,2017-05-09,1
98.0,30.0,0.0,2017-05-10,2
78.0,15.0,0.0,2017-05-11,3
132.0,39.0,0.0,2017-05-12,4
203.0,23.0,80.0,2017-05-13,5
66.0,16.0,0.0,2017-05-14,6
72.0,0.0,72.0,2017-05-15,0
44.0,20.0,0.0,2017-05-16,1
95.0,34.0,0.0,2017-05-17,2
41.0,1.0,0.0,2017-05-18,3
142.0,26.0,0.0,2017-05-19,4
95.0,26.0,0.0,2017-05-20,5
124.0,25.0,0.0,2017-05-21,6
42.0,0.0,42.0,2017-05-22,0
86.0,22.0,0.0,2017-05-23,1
84.0,20.0,0.0,2017-05-24,2
66.0,4.0,52.0,2017-05-25,3
109.0,25.0,0.0,2017-05-26,4
121.0,31.0,0.0,2017-05-27,5
134.0,22.0,0.0,2017-05-28,6
127.0,35.0,0.0,2017-05-29,0
0.0,0.0,0.0,2017-05-30,1
109.0,29.0,0.0,2017-05-31,2
83.0,4.0,25.0,2017-06-01,3
126.0,31.0,0.0,2017-06-02,4
170.0,0.0,96.0,2017-06-03,5
138.0,16.0,96.0,2017-06-04,6
152.0,1.0,149.0,2017-06-05,0
93.0,27.0,0.0,2017-06-06,1
75.0,17.0,0.0,2017-06-07,2
129.0,3.0,64.0,2017-06-08,3
99.0,4.0,64.0,2017-06-09,4
95.0,32.0,0.0,2017-06-10,5
117.0,17.0,0.0,2017-06-11,6
91.0,0.0,91.0,2017-06-12,0
29.0,5.0,0.0,2017-06-13,1
148.0,13.0,96.0,2017-06-14,2
113.0,2.0,87.0,2017-06-15,3
147.0,6.0,61.0,2017-06-16,4
69.0,18.0,0.0,2017-06-17,5
106.0,13.0,0.0,2017-06-18,6
0.0,0.0,0.0,2017-06-19,0
62.0,15.0,0.0,2017-06-20,1
56.0,14.0,0.0,2017-06-21,2
64.0,2.0,24.0,2017-06-22,3
117.0,20.0,0.0,2017-06-23,4
123.0,23.0,28.0,2017-06-24,5
134.0,24.0,26.0,2017-06-25,6
66.0,0.0,66.0,2017-06-26,0
56.0,11.0,12.0,2017-06-27,1
112.0,28.0,0.0,2017-06-28,2
67.0,13.0,0.0,2017-06-29,3
132.0,34.0,0.0,2017-06-30,4
77.0,24.0,0.0,2017-07-01,5
114.0,30.0,0.0,2017-07-02,6
0.0,0.0,0.0,2017-07-03,0
118.0,32.0,0.0,2017-07-04,1
74.0,25.0,0.0,2017-07-05,2
167.0,0.0,80.0,2017-07-06,3
111.0,11.0,0.0,2017-07-07,4
93.0,20.0,0.0,2017-07-08,5
213.0,24.0,72.0,2017-07-09,6
143.0,0.0,143.0,2017-07-10,0
60.0,15.0,0.0,2017-07-11,1
72.0,30.0,-4.0,2017-07-12,2
102.0,57.0,0.0,2017-07-13,3
107.0,15.0,0.0,2017-07-14,4
115.0,30.0,0.0,2017-07-15,5
70.0,21.0,0.0,2017-07-16,6
135.0,0.0,135.0,2017-07-17,0
116.0,20.0,72.0,2017-07-18,1
88.0,26.0,0.0,2017-07-19,2
123.0,59.0,42.0,2017-07-20,3
137.0,23.0,0.0,2017-07-21,4
102.0,35.0,0.0,2017-07-22,5
118.0,29.0,15.0,2017-07-23,6
0.0,0.0,0.0,2017-07-24,0
71.0,25.0,0.0,2017-07-25,1
82.0,22.0,0.0,2017-07-26,2
82.0,12.0,33.0,2017-07-27,3
120.0,16.0,0.0,2017-07-28,4
90.0,29.0,0.0,2017-07-29,5
127.0,33.0,0.0,2017-07-30,6
77.0,0.0,76.0,2017-07-31,0
65.0,13.0,0.0,2017-08-01,1
70.0,19.0,0.0,2017-08-02,2
63.0,4.0,34.0,2017-08-03,3
104.0,20.0,0.0,2017-08-04,4
88.0,27.0,0.0,2017-08-05,5
104.0,16.0,0.0,2017-08-06,6
112.0,0.0,108.0,2017-08-07,0
56.0,20.0,0.0,2017-08-08,1
107.0,8.0,75.0,2017-08-09,2
61.0,11.0,0.0,2017-08-10,3
119.0,27.0,0.0,2017-08-11,4
106.0,45.0,20.0,2017-08-12,5
130.0,29.0,4.0,2017-08-13,6
0.0,0.0,0.0,2017-08-14,0
75.0,22.0,0.0,2017-08-15,1
71.0,16.0,0.0,2017-08-16,2
78.0,13.0,0.0,2017-08-17,3
120.0,24.0,0.0,2017-08-18,4
127.0,33.0,0.0,2017-08-19,5
103.0,21.0,0.0,2017-08-20,6
0.0,0.0,0.0,2017-08-21,0
65.0,19.0,0.0,2017-08-22,1
74.0,16.0,0.0,2017-08-23,2
86.0,1.0,47.0,2017-08-24,3
151.0,27.0,0.0,2017-08-25,4
143.0,44.0,40.0,2017-08-26,5
111.0,30.0,0.0,2017-08-27,6
0.0,0.0,0.0,2017-08-28,0
68.0,17.0,0.0,2017-08-29,1
72.0,12.0,0.0,2017-08-30,2
216.0,0.0,216.0,2017-08-31,3
